asof,currency,index_price,expiry,T,F,a,b,rho,m,s,rmse_volpts,n_quotes,used,reason
2026-07-27T06:00:03.179866+00:00,BTC,65409.78,2026-07-27,0.000228,65404.21,,,,,,,0,False,expiry too near
2026-07-27T06:00:03.179866+00:00,BTC,65409.78,2026-07-28,0.002968,65408.89,,,,,,,0,False,expiry too near
2026-07-27T06:00:03.179866+00:00,BTC,65409.78,2026-07-29,0.005708,65423.41,,,,,,24.081,17,False,butterfly arbitrage in fit
2026-07-27T06:00:03.179866+00:00,BTC,65409.78,2026-07-30,0.008447,65440.99,,,,,,29.951,20,False,butterfly arbitrage in fit
2026-07-27T06:00:03.179866+00:00,BTC,65409.78,2026-07-31,0.011187,65439.53,,,,,,33.717,22,False,butterfly arbitrage in fit
2026-07-27T06:00:03.179866+00:00,BTC,65409.78,2026-08-07,0.030365,65492.82,,,,,,0.282,19,False,butterfly arbitrage in fit
2026-07-27T06:00:03.179866+00:00,BTC,65409.78,2026-08-14,0.049543,65548.09,,,,,,0.107,14,False,butterfly arbitrage in fit
2026-07-27T06:00:03.179866+00:00,BTC,65409.78,2026-08-28,0.087899,65654.96,-0.08865175,0.1739106,0.090526,0.116823,0.570363,1.076,49,True,
2026-07-27T06:00:03.179866+00:00,BTC,65409.78,2026-09-25,0.164612,65895.57,-0.18846509,0.25643032,-0.215923,-0.087729,0.833184,0.539,47,True,
2026-07-27T06:00:03.179866+00:00,BTC,65409.78,2026-12-25,0.413927,66577.24,-0.13415859,0.29203104,-0.504567,-0.283354,0.782453,0.402,54,True,
2026-07-27T06:00:03.179866+00:00,BTC,65409.78,2027-03-26,0.663242,67239.29,,,,,,0.11,51,False,butterfly arbitrage in fit
2026-07-27T06:00:03.179866+00:00,BTC,65409.78,2027-06-25,0.912557,67962.32,,,,,,0.051,37,False,butterfly arbitrage in fit
2026-07-27T06:00:05.713239+00:00,ETH,1963.67,2026-07-27,0.000228,1963.59,,,,,,,0,False,expiry too near
2026-07-27T06:00:05.713239+00:00,ETH,1963.67,2026-07-28,0.002968,1964.12,,,,,,,0,False,expiry too near
2026-07-27T06:00:05.713239+00:00,ETH,1963.67,2026-07-29,0.005708,1964.02,,,,,,42.874,18,False,butterfly arbitrage in fit
2026-07-27T06:00:05.713239+00:00,ETH,1963.67,2026-07-30,0.008447,1964.19,,,,,,22.433,18,False,butterfly arbitrage in fit
2026-07-27T06:00:05.713239+00:00,ETH,1963.67,2026-07-31,0.011187,1964.76,-0.0144695,0.06716792,-0.109053,-0.01118,0.256512,0.78,21,True,
2026-07-27T06:00:05.713239+00:00,ETH,1963.67,2026-08-07,0.030365,1964.4,-0.09121864,0.15950396,0.024922,0.030613,0.616889,0.103,13,True,
2026-07-27T06:00:05.713239+00:00,ETH,1963.67,2026-08-14,0.049543,1964.92,-0.22162147,0.25971289,-0.253508,-0.225576,0.92895,0.054,12,True,
2026-07-27T06:00:05.713239+00:00,ETH,1963.67,2026-08-28,0.087899,1965.12,-0.02574998,0.11557526,-0.118191,-0.023569,0.407345,0.551,33,True,
2026-07-27T06:00:05.713239+00:00,ETH,1963.67,2026-09-25,0.164612,1968.64,-0.08306887,0.18613169,-0.179621,-0.074376,0.685283,0.895,39,True,
2026-07-27T06:00:05.713239+00:00,ETH,1963.67,2026-12-25,0.413927,1981.31,-0.28964678,0.3632519,-0.419378,-0.466363,1.245231,0.286,41,True,
2026-07-27T06:00:05.713239+00:00,ETH,1963.67,2027-03-26,0.663242,2001.56,,,,,,0.176,39,False,butterfly arbitrage in fit
2026-07-27T06:00:05.713239+00:00,ETH,1963.67,2027-06-25,0.912557,2021.35,-0.62202121,0.7796688,-0.693809,-1.351622,1.636985,0.055,29,True,
2026-07-28T06:00:03.161513+00:00,BTC,63388.63,2026-07-28,0.000228,63385.52,,,,,,,0,False,expiry too near
2026-07-28T06:00:03.161513+00:00,BTC,63388.63,2026-07-29,0.002968,63383.37,,,,,,,0,False,expiry too near
2026-07-28T06:00:03.161513+00:00,BTC,63388.63,2026-07-30,0.005708,63398.83,,,,,,17.136,18,False,butterfly arbitrage in fit
2026-07-28T06:00:03.161513+00:00,BTC,63388.63,2026-07-31,0.008447,63410.7,,,,,,31.232,26,False,butterfly arbitrage in fit
2026-07-28T06:00:03.161513+00:00,BTC,63388.63,2026-08-07,0.027625,63451.37,,,,,,0.205,19,False,butterfly arbitrage in fit
2026-07-28T06:00:03.161513+00:00,BTC,63388.63,2026-08-14,0.046804,63492.27,,,,,,0.258,15,False,butterfly arbitrage in fit
2026-07-28T06:00:03.161513+00:00,BTC,63388.63,2026-08-28,0.08516,63585.96,,,,,,0.917,48,False,butterfly arbitrage in fit
2026-07-28T06:00:03.161513+00:00,BTC,63388.63,2026-09-25,0.161872,63798.37,-0.21594972,0.26476186,-0.130063,-0.005234,0.900306,0.697,45,True,
2026-07-28T06:00:03.161513+00:00,BTC,63388.63,2026-12-25,0.411187,64458.48,-0.2330748,0.34396093,-0.455878,-0.315157,0.969709,0.32,54,True,
2026-07-28T06:00:03.161513+00:00,BTC,63388.63,2027-03-26,0.660502,65119.32,,,,,,0.161,51,False,butterfly arbitrage in fit
2026-07-28T06:00:03.161513+00:00,BTC,63388.63,2027-06-25,0.909817,65842.32,-0.62259883,0.55700687,-0.469058,-0.539089,1.585124,0.049,37,True,
2026-07-28T06:00:06.842623+00:00,ETH,1881.09,2026-07-28,0.000228,1880.88,,,,,,,0,False,expiry too near
2026-07-28T06:00:06.842623+00:00,ETH,1881.09,2026-07-29,0.002968,1881.43,,,,,,,0,False,expiry too near
2026-07-28T06:00:06.842623+00:00,ETH,1881.09,2026-07-30,0.005708,1881.3,,,,,,25.302,30,False,butterfly arbitrage in fit
2026-07-28T06:00:06.842623+00:00,ETH,1881.09,2026-07-31,0.008447,1881.75,,,,,,24.056,28,False,butterfly arbitrage in fit
2026-07-28T06:00:06.842623+00:00,ETH,1881.09,2026-08-07,0.027625,1881.76,-0.10775099,0.16511612,0.009455,0.028555,0.694657,0.177,13,True,
2026-07-28T06:00:06.842623+00:00,ETH,1881.09,2026-08-14,0.046803,1881.74,-0.1737613,0.20976292,0.001582,0.035279,0.883571,0.071,12,True,
2026-07-28T06:00:06.842623+00:00,ETH,1881.09,2026-08-28,0.08516,1881.3,-0.03363612,0.11981936,-0.110216,-0.011516,0.457449,0.736,32,True,
2026-07-28T06:00:06.842623+00:00,ETH,1881.09,2026-09-25,0.161872,1885.12,-0.10942872,0.19490284,-0.145745,-0.042838,0.78722,0.493,39,True,
2026-07-28T06:00:06.842623+00:00,ETH,1881.09,2026-12-25,0.411187,1897.81,-0.28152962,0.36399954,-0.448271,-0.489504,1.234824,0.265,41,True,
2026-07-28T06:00:06.842623+00:00,ETH,1881.09,2027-03-26,0.660502,1916.52,,,,,,0.219,39,False,butterfly arbitrage in fit
2026-07-28T06:00:06.842623+00:00,ETH,1881.09,2027-06-25,0.909817,1934.89,-0.44977241,0.75061733,-0.729245,-1.303899,1.45344,0.043,30,True,
2026-07-30T06:00:05.067508+00:00,BTC,63956.47,2026-07-30,0.000228,63962.48,,,,,,,0,False,expiry too near
2026-07-30T06:00:05.067508+00:00,BTC,63956.47,2026-07-31,0.002968,63975.8,,,,,,,0,False,expiry too near
2026-07-30T06:00:05.067508+00:00,BTC,63956.47,2026-08-01,0.005708,63967.71,,,,,,37.534,20,False,butterfly arbitrage in fit
2026-07-30T06:00:05.067508+00:00,BTC,63956.47,2026-08-02,0.008447,63984.22,,,,,,25.401,19,False,butterfly arbitrage in fit
2026-07-30T06:00:05.067508+00:00,BTC,63956.47,2026-08-07,0.022146,64030.8,,,,,,0.742,19,False,butterfly arbitrage in fit
2026-07-30T06:00:05.067508+00:00,BTC,63956.47,2026-08-14,0.041324,64078.71,,,,,,0.366,17,False,butterfly arbitrage in fit
2026-07-30T06:00:05.067508+00:00,BTC,63956.47,2026-08-28,0.07968,64172.09,,,,,,0.818,49,False,butterfly arbitrage in fit
2026-07-30T06:00:05.067508+00:00,BTC,63956.47,2026-09-25,0.156393,64384.52,,,,,,0.877,45,False,butterfly arbitrage in fit
2026-07-30T06:00:05.067508+00:00,BTC,63956.47,2026-12-25,0.405708,65039.94,,,,,,0.446,52,True,
2026-07-30T06:00:05.067508+00:00,BTC,63956.47,2027-03-26,0.655023,65693.47,,,,,,0.164,51,False,butterfly arbitrage in fit
2026-07-30T06:00:05.067508+00:00,BTC,63956.47,2027-06-25,0.904338,66409.69,,,,,,0.068,37,False,butterfly arbitrage in fit
2026-07-30T06:00:12.195892+00:00,ETH,1903.8,2026-07-30,0.000228,1903.83,,,,,,,0,False,expiry too near
2026-07-30T06:00:12.195892+00:00,ETH,1903.8,2026-07-31,0.002968,1904.61,,,,,,,0,False,expiry too near
2026-07-30T06:00:12.195892+00:00,ETH,1903.8,2026-08-01,0.005707,1903.99,,,,,,19.418,22,False,butterfly arbitrage in fit
2026-07-30T06:00:12.195892+00:00,ETH,1903.8,2026-08-02,0.008447,1904.28,-0.00123429,0.02608488,0.038342,0.023575,0.108614,0.218,21,True,
2026-07-30T06:00:12.195892+00:00,ETH,1903.8,2026-08-07,0.022146,1904.55,-0.00811649,0.0563772,0.057882,0.043668,0.237171,0.403,13,True,
2026-07-30T06:00:12.195892+00:00,ETH,1903.8,2026-08-14,0.041324,1904.4,-0.1438204,0.18533522,0.027612,0.064303,0.829626,0.051,12,True,
2026-07-30T06:00:12.195892+00:00,ETH,1903.8,2026-08-28,0.07968,1904.7,-0.02695792,0.10324902,-0.049282,0.033691,0.450176,0.489,33,True,
2026-07-30T06:00:12.195892+00:00,ETH,1903.8,2026-09-25,0.156392,1908.08,-0.16716843,0.21665187,-0.176572,-0.092477,0.976723,0.498,39,True,
2026-07-30T06:00:12.195892+00:00,ETH,1903.8,2026-12-25,0.405707,1920.75,-0.18338867,0.29368061,-0.397513,-0.345469,1.123155,0.248,41,True,
2026-07-30T06:00:12.195892+00:00,ETH,1903.8,2027-03-26,0.655022,1939.55,-0.80792014,0.87002183,-0.714338,-1.5,1.666439,0.236,39,True,
2026-07-30T06:00:12.195892+00:00,ETH,1903.8,2027-06-25,0.904338,1957.93,-0.4393953,0.66355692,-0.685797,-1.187956,1.52259,0.055,30,True,
2026-08-07T06:00:11.343975+00:00,BTC,64286.42,2026-08-07,0.000228,64268.96,,,,,,,0,False,expiry too near
2026-08-07T06:00:11.343975+00:00,BTC,64286.42,2026-08-08,0.002968,64285.24,,,,,,,0,False,expiry too near
2026-08-07T06:00:11.343975+00:00,BTC,64286.42,2026-08-09,0.005707,64281.04,,,,,,1.066,14,False,butterfly arbitrage in fit
2026-08-07T06:00:11.343975+00:00,BTC,64286.42,2026-08-10,0.008447,64296.58,,,,,,14.225,16,False,butterfly arbitrage in fit
2026-08-07T06:00:11.343975+00:00,BTC,64286.42,2026-08-14,0.019406,64318.63,,,,,,18.431,14,False,butterfly arbitrage in fit
2026-08-07T06:00:11.343975+00:00,BTC,64286.42,2026-08-21,0.038584,64366.02,,,,,,0.099,18,False,butterfly arbitrage in fit
2026-08-07T06:00:11.343975+00:00,BTC,64286.42,2026-08-28,0.057762,64419.55,,,,,,0.455,42,False,butterfly arbitrage in fit
2026-08-07T06:00:11.343975+00:00,BTC,64286.42,2026-09-25,0.134475,64645.22,-0.17925883,0.22958811,-0.064028,0.051792,0.845015,0.327,41,True,
2026-08-07T06:00:11.343975+00:00,BTC,64286.42,2026-10-30,0.230365,64913.57,-0.0655472,0.17653535,-0.452803,-0.157454,0.599101,0.134,37,True,
2026-08-07T06:00:11.343975+00:00,BTC,64286.42,2026-12-25,0.38379,65380.1,-0.05738235,0.21494687,-0.520202,-0.200323,0.617439,1.182,53,True,
2026-08-07T06:00:11.343975+00:00,BTC,64286.42,2027-03-26,0.633105,66074.5,,,,,,0.257,51,False,butterfly arbitrage in fit
2026-08-07T06:00:11.343975+00:00,BTC,64286.42,2027-06-25,0.88242,66829.84,-0.72416613,0.62635407,-0.556908,-0.81271,1.673948,0.048,37,True,
2026-08-07T06:00:15.439331+00:00,ETH,1899.85,2026-08-07,0.000228,1899.97,,,,,,,0,False,expiry too near
2026-08-07T06:00:15.439331+00:00,ETH,1899.85,2026-08-08,0.002968,1900.15,,,,,,,0,False,expiry too near
2026-08-07T06:00:15.439331+00:00,ETH,1899.85,2026-08-09,0.005707,1900.01,,,,,,37.581,21,False,butterfly arbitrage in fit
2026-08-07T06:00:15.439331+00:00,ETH,1899.85,2026-08-10,0.008447,1900.24,,,,,,16.751,20,False,butterfly arbitrage in fit
2026-08-07T06:00:15.439331+00:00,ETH,1899.85,2026-08-14,0.019406,1900.75,-0.0127601,0.06329455,-0.071876,-0.000206,0.250669,0.233,15,True,
2026-08-07T06:00:15.439331+00:00,ETH,1899.85,2026-08-21,0.038584,1901.29,-0.0448177,0.11150415,-0.039286,0.017756,0.461336,0.181,15,True,
2026-08-07T06:00:15.439331+00:00,ETH,1899.85,2026-08-28,0.057762,1902.26,-0.02533308,0.09711248,-0.168493,-0.025251,0.376416,0.354,29,True,
2026-08-07T06:00:15.439331+00:00,ETH,1899.85,2026-09-25,0.134474,1905.52,-0.25165884,0.25806138,-0.191131,-0.14071,1.110072,0.842,38,True,
2026-08-07T06:00:15.439331+00:00,ETH,1899.85,2026-10-30,0.230365,1910.48,-0.17786435,0.25065642,-0.355066,-0.283305,1.001279,0.211,27,True,
2026-08-07T06:00:15.439331+00:00,ETH,1899.85,2026-12-25,0.383789,1919.16,-0.24012845,0.33537062,-0.463315,-0.481943,1.16234,0.448,41,True,
2026-08-07T06:00:15.439331+00:00,ETH,1899.85,2027-03-26,0.633105,1938.6,-0.82885041,0.90222187,-0.717883,-1.499999,1.624521,0.195,39,True,
2026-08-07T06:00:15.439331+00:00,ETH,1899.85,2027-06-25,0.88242,1957.06,-0.66379101,0.91133875,-0.742559,-1.5,1.54885,0.089,30,True,
2026-08-08T06:00:03.126355+00:00,BTC,64962.25,2026-08-08,0.000228,64948.7,,,,,,,0,False,expiry too near
2026-08-08T06:00:03.126355+00:00,BTC,64962.25,2026-08-09,0.002968,64952.05,,,,,,,0,False,expiry too near
2026-08-08T06:00:03.126355+00:00,BTC,64962.25,2026-08-10,0.005708,64959.36,,,,,,13.283,12,False,butterfly arbitrage in fit
2026-08-08T06:00:03.126355+00:00,BTC,64962.25,2026-08-11,0.008447,64966.29,,,,,,14.211,15,False,butterfly arbitrage in fit
2026-08-08T06:00:03.126355+00:00,BTC,64962.25,2026-08-14,0.016667,64991.21,,,,,,23.615,14,False,butterfly arbitrage in fit
2026-08-08T06:00:03.126355+00:00,BTC,64962.25,2026-08-21,0.035845,65040.42,,,,,,0.451,18,False,butterfly arbitrage in fit
2026-08-08T06:00:03.126355+00:00,BTC,64962.25,2026-08-28,0.055023,65102.12,,,,,,0.5,41,False,butterfly arbitrage in fit
2026-08-08T06:00:03.126355+00:00,BTC,64962.25,2026-09-25,0.131735,65322.45,,,,,,0.306,41,False,butterfly arbitrage in fit
2026-08-08T06:00:03.126355+00:00,BTC,64962.25,2026-10-30,0.227625,65591.98,-0.05494245,0.16620473,-0.468419,-0.169826,0.570526,0.084,37,True,
2026-08-08T06:00:03.126355+00:00,BTC,64962.25,2026-12-25,0.38105,66060.37,-0.05853728,0.21315715,-0.529527,-0.221317,0.632668,1.399,53,True,
2026-08-08T06:00:03.126355+00:00,BTC,64962.25,2027-03-26,0.630365,66744.36,,,,,,0.361,51,False,butterfly arbitrage in fit
2026-08-08T06:00:03.126355+00:00,BTC,64962.25,2027-06-25,0.87968,67468.38,,,,,,0.16,37,False,butterfly arbitrage in fit
2026-08-08T06:00:07.601093+00:00,ETH,1916.67,2026-08-08,0.000228,1916.66,,,,,,,0,False,expiry too near
2026-08-08T06:00:07.601093+00:00,ETH,1916.67,2026-08-09,0.002968,1916.68,,,,,,,0,False,expiry too near
2026-08-08T06:00:07.601093+00:00,ETH,1916.67,2026-08-10,0.005708,1916.77,,,,,,20.32,14,False,butterfly arbitrage in fit
2026-08-08T06:00:07.601093+00:00,ETH,1916.67,2026-08-11,0.008447,1916.91,,,,,,34.935,21,False,butterfly arbitrage in fit
2026-08-08T06:00:07.601093+00:00,ETH,1916.67,2026-08-14,0.016666,1917.18,,,,,,14.122,14,False,butterfly arbitrage in fit
2026-08-08T06:00:07.601093+00:00,ETH,1916.67,2026-08-21,0.035845,1917.94,-0.01929408,0.07860056,-0.081037,-0.000274,0.317716,0.167,15,True,
2026-08-08T06:00:07.601093+00:00,ETH,1916.67,2026-08-28,0.055023,1918.57,-0.01957736,0.08744004,-0.163061,-0.020865,0.340486,0.62,28,True,
2026-08-08T06:00:07.601093+00:00,ETH,1916.67,2026-09-25,0.131735,1922.12,-0.17679232,0.22825064,-0.214673,-0.139985,0.923709,0.889,38,True,
2026-08-08T06:00:07.601093+00:00,ETH,1916.67,2026-10-30,0.227625,1926.94,-0.11111016,0.22177227,-0.382996,-0.24598,0.81963,0.29,27,True,
2026-08-08T06:00:07.601093+00:00,ETH,1916.67,2026-12-25,0.38105,1935.23,-0.16467813,0.28512338,-0.414627,-0.343822,1.040052,0.339,41,True,
2026-08-08T06:00:07.601093+00:00,ETH,1916.67,2027-03-26,0.630365,1954.5,-0.28348664,0.45780356,-0.584195,-0.746138,1.276081,0.215,39,True,
2026-08-08T06:00:07.601093+00:00,ETH,1916.67,2027-06-25,0.87968,1973.8,-0.14084361,0.44666177,-0.632145,-0.774736,1.217544,0.08,30,True,
2026-08-09T06:00:03.071393+00:00,BTC,64753.75,2026-08-09,0.000228,64745.15,,,,,,,0,False,expiry too near
2026-08-09T06:00:03.071393+00:00,BTC,64753.75,2026-08-10,0.002968,64742.4,,,,,,,0,False,expiry too near
2026-08-09T06:00:03.071393+00:00,BTC,64753.75,2026-08-11,0.005708,64749.9,-0.00276966,0.02819287,-0.208379,-0.017864,0.113155,0.433,14,True,
2026-08-09T06:00:03.071393+00:00,BTC,64753.75,2026-08-12,0.008447,64756.64,-0.00299728,0.02791419,-0.26158,-0.026667,0.132803,0.387,16,True,
2026-08-09T06:00:03.071393+00:00,BTC,64753.75,2026-08-14,0.013927,64772.71,,,,,,25.451,14,False,butterfly arbitrage in fit
2026-08-09T06:00:03.071393+00:00,BTC,64753.75,2026-08-21,0.033105,64822.12,,,,,,0.296,18,False,butterfly arbitrage in fit
2026-08-09T06:00:03.071393+00:00,BTC,64753.75,2026-08-28,0.052283,64889.93,,,,,,0.397,41,False,butterfly arbitrage in fit
2026-08-09T06:00:03.071393+00:00,BTC,64753.75,2026-09-25,0.128995,65107.5,-0.14114924,0.20104775,-0.073664,0.031948,0.773763,0.314,41,True,
2026-08-09T06:00:03.071393+00:00,BTC,64753.75,2026-10-30,0.224886,65376.74,-0.04053507,0.15087661,-0.436846,-0.127618,0.511855,0.11,37,True,
2026-08-09T06:00:03.071393+00:00,BTC,64753.75,2026-12-25,0.37831,65837.98,-0.04902006,0.20757518,-0.538132,-0.221339,0.603816,1.242,53,True,
2026-08-09T06:00:03.071393+00:00,BTC,64753.75,2027-03-26,0.627625,66514.63,,,,,,0.29,51,False,butterfly arbitrage in fit
2026-08-09T06:00:03.071393+00:00,BTC,64753.75,2027-06-25,0.876941,67242.3,,,,,,0.109,37,False,butterfly arbitrage in fit
2026-08-09T06:00:06.815795+00:00,ETH,1913.23,2026-08-09,0.000228,1913.24,,,,,,,0,False,expiry too near
2026-08-09T06:00:06.815795+00:00,ETH,1913.23,2026-08-10,0.002968,1913.44,,,,,,,0,False,expiry too near
2026-08-09T06:00:06.815795+00:00,ETH,1913.23,2026-08-11,0.005708,1913.63,-0.00334371,0.03025831,-0.053921,-0.003447,0.132142,0.525,17,True,
2026-08-09T06:00:06.815795+00:00,ETH,1913.23,2026-08-12,0.008447,1913.66,,,,,,0.475,17,False,butterfly arbitrage in fit
2026-08-09T06:00:06.815795+00:00,ETH,1913.23,2026-08-14,0.013927,1913.9,,,,,,16.303,14,False,butterfly arbitrage in fit
2026-08-09T06:00:06.815795+00:00,ETH,1913.23,2026-08-21,0.033105,1914.69,-0.03327094,0.09533351,-0.029437,0.007039,0.406909,0.186,15,True,
2026-08-09T06:00:06.815795+00:00,ETH,1913.23,2026-08-28,0.052283,1915.19,-0.01309925,0.07886804,-0.162122,-0.021626,0.291814,0.523,28,True,
2026-08-09T06:00:06.815795+00:00,ETH,1913.23,2026-09-25,0.128995,1918.62,-0.1073769,0.18910679,-0.242136,-0.12444,0.742358,1.147,38,True,
2026-08-09T06:00:06.815795+00:00,ETH,1913.23,2026-10-30,0.224886,1923.14,-0.06743369,0.19244364,-0.36535,-0.187621,0.69368,0.287,27,True,
2026-08-09T06:00:06.815795+00:00,ETH,1913.23,2026-12-25,0.37831,1931.23,-0.15635284,0.2835838,-0.431182,-0.3623,1.02354,0.399,41,True,
2026-08-09T06:00:06.815795+00:00,ETH,1913.23,2027-03-26,0.627625,1950.48,-0.35740334,0.5192832,-0.615041,-0.872183,1.339756,0.206,39,True,
2026-08-09T06:00:06.815795+00:00,ETH,1913.23,2027-06-25,0.87694,1969.51,-0.11191384,0.42285141,-0.622567,-0.732749,1.18843,0.058,30,True,
2026-08-15T06:00:06.555921+00:00,BTC,63020.05,2026-08-15,0.000228,63011.32,,,,,,,0,False,expiry too near
2026-08-15T06:00:06.555921+00:00,BTC,63020.05,2026-08-16,0.002968,63016.38,,,,,,,0,False,expiry too near
2026-08-15T06:00:06.555921+00:00,BTC,63020.05,2026-08-17,0.005708,63026.25,,,,,,9.393,10,False,butterfly arbitrage in fit
2026-08-15T06:00:06.555921+00:00,BTC,63020.05,2026-08-18,0.008447,63036.19,,,,,,14.423,14,False,butterfly arbitrage in fit
2026-08-15T06:00:06.555921+00:00,BTC,63020.05,2026-08-21,0.016666,63061.04,,,,,,23.129,15,False,butterfly arbitrage in fit
2026-08-15T06:00:06.555921+00:00,BTC,63020.05,2026-08-28,0.035845,63114.83,,,,,,0.557,29,False,butterfly arbitrage in fit
2026-08-15T06:00:06.555921+00:00,BTC,63020.05,2026-09-04,0.055023,63165.67,,,,,,0.154,15,False,butterfly arbitrage in fit
2026-08-15T06:00:06.555921+00:00,BTC,63020.05,2026-09-25,0.112557,63333.3,-0.19598869,0.23228849,-0.119258,-0.018799,0.902404,0.704,37,True,
2026-08-15T06:00:06.555921+00:00,BTC,63020.05,2026-10-30,0.208447,63595.76,-0.10459439,0.20594958,-0.416604,-0.190563,0.697436,0.071,37,True,
2026-08-15T06:00:06.555921+00:00,BTC,63020.05,2026-12-25,0.361872,64037.51,-0.15545438,0.26285568,-0.417437,-0.232104,0.870013,0.921,54,True,
2026-08-15T06:00:06.555921+00:00,BTC,63020.05,2027-03-26,0.611187,64706.64,,,,,,0.209,51,False,butterfly arbitrage in fit
2026-08-15T06:00:06.555921+00:00,BTC,63020.05,2027-06-25,0.860502,65436.63,,,,,,0.118,37,False,butterfly arbitrage in fit
2026-08-15T06:00:09.811791+00:00,ETH,1879.04,2026-08-15,0.000228,1878.66,,,,,,,0,False,expiry too near
2026-08-15T06:00:09.811791+00:00,ETH,1879.04,2026-08-16,0.002968,1878.64,,,,,,,0,False,expiry too near
2026-08-15T06:00:09.811791+00:00,ETH,1879.04,2026-08-17,0.005707,1878.75,,,,,,25.91,15,False,butterfly arbitrage in fit
2026-08-15T06:00:09.811791+00:00,ETH,1879.04,2026-08-18,0.008447,1878.94,,,,,,33.033,17,False,butterfly arbitrage in fit
2026-08-15T06:00:09.811791+00:00,ETH,1879.04,2026-08-21,0.016666,1879.32,,,,,,25.254,13,False,butterfly arbitrage in fit
2026-08-15T06:00:09.811791+00:00,ETH,1879.04,2026-08-28,0.035844,1880.18,,,,,,0.842,24,False,butterfly arbitrage in fit
2026-08-15T06:00:09.811791+00:00,ETH,1879.04,2026-09-04,0.055023,1880.71,,,,,,0.248,11,False,butterfly arbitrage in fit
2026-08-15T06:00:09.811791+00:00,ETH,1879.04,2026-09-25,0.112557,1882.79,,,,,,1.052,33,False,butterfly arbitrage in fit
2026-08-15T06:00:09.811791+00:00,ETH,1879.04,2026-10-30,0.208447,1888.03,-0.08743177,0.1954554,-0.417815,-0.251342,0.775863,0.329,27,True,
2026-08-15T06:00:09.811791+00:00,ETH,1879.04,2026-12-25,0.361872,1896.75,-0.32058661,0.35811063,-0.452594,-0.507102,1.308134,0.684,41,True,
2026-08-15T06:00:09.811791+00:00,ETH,1879.04,2027-03-26,0.611187,1915.99,-0.19577637,0.37051401,-0.528293,-0.551363,1.196492,0.25,39,True,
2026-08-15T06:00:09.811791+00:00,ETH,1879.04,2027-06-25,0.860502,1935.09,-0.3361451,0.59916525,-0.689533,-1.081046,1.396895,0.094,30,True,
2026-08-16T06:00:05.108254+00:00,BTC,63003.54,2026-08-16,0.000228,62991.95,,,,,,,0,False,expiry too near
2026-08-16T06:00:05.108254+00:00,BTC,63003.54,2026-08-17,0.002968,62991.54,,,,,,,0,False,expiry too near
2026-08-16T06:00:05.108254+00:00,BTC,63003.54,2026-08-18,0.005708,63001.46,-0.00249793,0.02908258,-0.428805,-0.038913,0.104646,0.183,11,True,
2026-08-16T06:00:05.108254+00:00,BTC,63003.54,2026-08-19,0.008447,63011.01,,,,,,21.228,16,False,butterfly arbitrage in fit
2026-08-16T06:00:05.108254+00:00,BTC,63003.54,2026-08-21,0.013927,63025.71,,,,,,26.182,15,False,butterfly arbitrage in fit
2026-08-16T06:00:05.108254+00:00,BTC,63003.54,2026-08-28,0.033105,63082.08,,,,,,0.353,27,False,butterfly arbitrage in fit
2026-08-16T06:00:05.108254+00:00,BTC,63003.54,2026-09-04,0.052283,63132.45,,,,,,0.358,15,False,butterfly arbitrage in fit
2026-08-16T06:00:05.108254+00:00,BTC,63003.54,2026-09-25,0.109817,63299.02,-0.36394809,0.31202423,-0.097335,-0.028901,1.210234,0.594,37,True,
2026-08-16T06:00:05.108254+00:00,BTC,63003.54,2026-10-30,0.205708,63565.66,-0.14974838,0.23567273,-0.391984,-0.21342,0.80989,0.106,37,True,
2026-08-16T06:00:05.108254+00:00,BTC,63003.54,2026-12-25,0.359132,64012.26,-0.15673837,0.26978287,-0.433009,-0.24885,0.859454,0.982,54,True,
2026-08-16T06:00:05.108254+00:00,BTC,63003.54,2027-03-26,0.608447,64692.98,,,,,,0.169,51,False,butterfly arbitrage in fit
2026-08-16T06:00:05.108254+00:00,BTC,63003.54,2027-06-25,0.857762,65421.06,,,,,,0.138,37,False,butterfly arbitrage in fit
2026-08-16T06:00:10.873301+00:00,ETH,1877.99,2026-08-16,0.000228,1877.78,,,,,,,0,False,expiry too near
2026-08-16T06:00:10.873301+00:00,ETH,1877.99,2026-08-17,0.002968,1877.8,,,,,,,0,False,expiry too near
2026-08-16T06:00:10.873301+00:00,ETH,1877.99,2026-08-18,0.005707,1877.93,,,,,,19.617,15,False,butterfly arbitrage in fit
2026-08-16T06:00:10.873301+00:00,ETH,1877.99,2026-08-19,0.008447,1878.06,,,,,,14.718,17,False,butterfly arbitrage in fit
2026-08-16T06:00:10.873301+00:00,ETH,1877.99,2026-08-21,0.013927,1878.28,,,,,,28.784,13,False,butterfly arbitrage in fit
2026-08-16T06:00:10.873301+00:00,ETH,1877.99,2026-08-28,0.033105,1879.27,-0.03978849,0.10375587,-0.02747,0.024245,0.430314,0.303,23,True,
2026-08-16T06:00:10.873301+00:00,ETH,1877.99,2026-09-04,0.052283,1879.79,,,,,,0.128,11,False,butterfly arbitrage in fit
2026-08-16T06:00:10.873301+00:00,ETH,1877.99,2026-09-25,0.109817,1881.95,,,,,,1.201,33,False,butterfly arbitrage in fit
2026-08-16T06:00:10.873301+00:00,ETH,1877.99,2026-10-30,0.205707,1887.61,-0.02473467,0.14976234,-0.454283,-0.175594,0.558249,0.73,27,True,
2026-08-16T06:00:10.873301+00:00,ETH,1877.99,2026-12-25,0.359132,1896.11,-0.28749874,0.33355136,-0.422744,-0.432,1.27033,0.66,41,True,
2026-08-16T06:00:10.873301+00:00,ETH,1877.99,2027-03-26,0.608447,1915.59,-0.62899966,0.64260165,-0.633579,-1.126595,1.628606,0.216,39,True,
2026-08-16T06:00:10.873301+00:00,ETH,1877.99,2027-06-25,0.857762,1934.65,-0.72427618,0.83997462,-0.718314,-1.5,1.700653,0.05,30,True,
2026-08-18T06:00:05.495464+00:00,BTC,64165.98,2026-08-18,0.000228,64149.52,,,,,,,0,False,expiry too near
2026-08-18T06:00:05.495464+00:00,BTC,64165.98,2026-08-19,0.002968,64155.1,,,,,,,0,False,expiry too near
2026-08-18T06:00:05.495464+00:00,BTC,64165.98,2026-08-20,0.005708,64167.98,,,,,,19.151,16,False,butterfly arbitrage in fit
2026-08-18T06:00:05.495464+00:00,BTC,64165.98,2026-08-21,0.008447,64179.44,,,,,,24.921,17,False,butterfly arbitrage in fit
2026-08-18T06:00:05.495464+00:00,BTC,64165.98,2026-08-28,0.027625,64246.43,,,,,,18.931,25,False,butterfly arbitrage in fit
2026-08-18T06:00:05.495464+00:00,BTC,64165.98,2026-09-04,0.046803,64303.01,-0.02738827,0.09283207,0.221913,0.131006,0.343409,0.31,16,True,
2026-08-18T06:00:05.495464+00:00,BTC,64165.98,2026-09-25,0.104338,64485.58,,,,,,0.523,37,False,butterfly arbitrage in fit
2026-08-18T06:00:05.495464+00:00,BTC,64165.98,2026-10-30,0.200228,64751.92,-0.3132575,0.31000481,-0.28587,-0.20987,1.136699,0.086,37,True,
2026-08-18T06:00:05.495464+00:00,BTC,64165.98,2026-12-25,0.353653,65216.09,-0.15048815,0.25488168,-0.366374,-0.169861,0.847381,0.859,54,True,
2026-08-18T06:00:05.495464+00:00,BTC,64165.98,2027-03-26,0.602968,65910.99,-0.7039116,0.5493491,-0.465895,-0.630786,1.639445,0.119,51,True,
2026-08-18T06:00:05.495464+00:00,BTC,64165.98,2027-06-25,0.852283,66655.85,-1.0,0.70266208,-0.529662,-0.905685,1.913909,0.086,37,True,
2026-08-18T06:00:09.464478+00:00,ETH,1893.23,2026-08-18,0.000228,1892.73,,,,,,,0,False,expiry too near
2026-08-18T06:00:09.464478+00:00,ETH,1893.23,2026-08-19,0.002968,1892.59,,,,,,,0,False,expiry too near
2026-08-18T06:00:09.464478+00:00,ETH,1893.23,2026-08-20,0.005707,1892.7,,,,,,33.212,19,False,butterfly arbitrage in fit
2026-08-18T06:00:09.464478+00:00,ETH,1893.23,2026-08-21,0.008447,1892.89,,,,,,36.548,19,False,butterfly arbitrage in fit
2026-08-18T06:00:09.464478+00:00,ETH,1893.23,2026-08-28,0.027625,1893.97,-0.01668254,0.08019157,-0.177683,-0.039766,0.258508,0.501,24,True,
2026-08-18T06:00:09.464478+00:00,ETH,1893.23,2026-09-04,0.046803,1894.29,-0.05948365,0.14919791,-0.342707,-0.150894,0.47708,0.069,11,True,
2026-08-18T06:00:09.464478+00:00,ETH,1893.23,2026-09-25,0.104338,1896.44,-0.15206655,0.20931336,-0.191988,-0.109269,0.840618,1.235,33,True,
2026-08-18T06:00:09.464478+00:00,ETH,1893.23,2026-10-30,0.200228,1901.56,-0.06699921,0.17602987,-0.307441,-0.123237,0.672892,0.415,27,True,
2026-08-18T06:00:09.464478+00:00,ETH,1893.23,2026-12-25,0.353653,1910.66,-0.24461143,0.30317064,-0.364933,-0.318527,1.190883,0.401,41,True,
2026-08-18T06:00:09.464478+00:00,ETH,1893.23,2027-03-26,0.602968,1930.15,-0.69446823,0.61015169,-0.572358,-1.012268,1.73483,0.181,39,True,
2026-08-18T06:00:09.464478+00:00,ETH,1893.23,2027-06-25,0.852283,1949.74,-0.42715429,0.56174714,-0.61852,-0.982267,1.56111,0.079,30,True,
2026-08-19T06:00:06.580417+00:00,BTC,64197.77,2026-08-19,0.000228,64188.75,,,,,,,0,False,expiry too near
2026-08-19T06:00:06.580417+00:00,BTC,64197.77,2026-08-20,0.002968,64200.72,,,,,,,0,False,expiry too near
2026-08-19T06:00:06.580417+00:00,BTC,64197.77,2026-08-21,0.005708,64208.19,,,,,,22.787,14,False,butterfly arbitrage in fit
2026-08-19T06:00:06.580417+00:00,BTC,64197.77,2026-08-22,0.008447,64222.73,,,,,,13.574,17,False,butterfly arbitrage in fit
2026-08-19T06:00:06.580417+00:00,BTC,64197.77,2026-08-28,0.024886,64269.61,,,,,,20.609,25,False,butterfly arbitrage in fit
2026-08-19T06:00:06.580417+00:00,BTC,64197.77,2026-09-04,0.044064,64327.66,,,,,,0.245,16,False,butterfly arbitrage in fit
2026-08-19T06:00:06.580417+00:00,BTC,64197.77,2026-09-25,0.101598,64498.45,-0.10640434,0.17877071,-0.082255,0.01916,0.657822,0.838,38,True,
2026-08-19T06:00:06.580417+00:00,BTC,64197.77,2026-10-30,0.197488,64783.57,-0.26383423,0.29836714,-0.364298,-0.279999,1.036872,0.147,37,True,
2026-08-19T06:00:06.580417+00:00,BTC,64197.77,2026-12-25,0.350913,65244.87,-0.10433626,0.22705127,-0.370438,-0.134878,0.736617,0.7,54,True,
2026-08-19T06:00:06.580417+00:00,BTC,64197.77,2027-03-26,0.600228,65941.36,,,,,,0.088,51,False,butterfly arbitrage in fit
2026-08-19T06:00:06.580417+00:00,BTC,64197.77,2027-06-25,0.849543,66694.3,-0.81952212,0.6428531,-0.542227,-0.862981,1.782518,0.134,37,True,
2026-08-19T06:00:09.921196+00:00,ETH,1909.35,2026-08-19,0.000228,1909.14,,,,,,,0,False,expiry too near
2026-08-19T06:00:09.921196+00:00,ETH,1909.35,2026-08-20,0.002968,1909.27,,,,,,,0,False,expiry too near
2026-08-19T06:00:09.921196+00:00,ETH,1909.35,2026-08-21,0.005707,1909.36,,,,,,38.458,16,False,butterfly arbitrage in fit
2026-08-19T06:00:09.921196+00:00,ETH,1909.35,2026-08-22,0.008447,1909.57,,,,,,26.397,20,False,butterfly arbitrage in fit
2026-08-19T06:00:09.921196+00:00,ETH,1909.35,2026-08-28,0.024886,1910.79,-0.02086213,0.08603675,-0.136916,-0.031636,0.284472,0.697,24,True,
2026-08-19T06:00:09.921196+00:00,ETH,1909.35,2026-09-04,0.044064,1911.17,-0.02667861,0.10121426,-0.300525,-0.08831,0.348,0.082,11,True,
2026-08-19T06:00:09.921196+00:00,ETH,1909.35,2026-09-25,0.101598,1912.95,-0.14642868,0.20976262,-0.230191,-0.14132,0.816064,1.437,33,True,
2026-08-19T06:00:09.921196+00:00,ETH,1909.35,2026-10-30,0.197488,1918.56,-0.05239588,0.16836767,-0.351361,-0.149675,0.619942,0.384,27,True,
2026-08-19T06:00:09.921196+00:00,ETH,1909.35,2026-12-25,0.350913,1927.54,-0.13018455,0.25102132,-0.392115,-0.279509,0.959242,0.764,41,True,
2026-08-19T06:00:09.921196+00:00,ETH,1909.35,2027-03-26,0.600228,1946.81,-0.57191151,0.55360759,-0.570344,-0.947117,1.639334,0.203,39,True,
2026-08-19T06:00:09.921196+00:00,ETH,1909.35,2027-06-25,0.849543,1967.11,-0.03080348,0.31701001,-0.537639,-0.460964,1.093154,0.09,30,True,
2026-08-21T06:00:03.527118+00:00,BTC,75387.78,2026-08-21,0.000228,75412.05,,,,,,,0,False,expiry too near
2026-08-21T06:00:03.527118+00:00,BTC,75387.78,2026-08-22,0.002968,75432.99,,,,,,,0,False,expiry too near
2026-08-21T06:00:03.527118+00:00,BTC,75387.78,2026-08-23,0.005708,75424.36,,,,,,39.827,30,False,butterfly arbitrage in fit
2026-08-21T06:00:03.527118+00:00,BTC,75387.78,2026-08-24,0.008447,75442.67,,,,,,37.188,33,False,butterfly arbitrage in fit
2026-08-21T06:00:03.527118+00:00,BTC,75387.78,2026-08-28,0.019406,75506.15,-0.04269255,0.10847112,0.010319,-0.004653,0.426004,1.932,45,True,
2026-08-21T06:00:03.527118+00:00,BTC,75387.78,2026-09-04,0.038584,75579.03,,,,,,0.371,25,False,butterfly arbitrage in fit
2026-08-21T06:00:03.527118+00:00,BTC,75387.78,2026-09-11,0.057762,75631.37,,,,,,0.112,21,False,butterfly arbitrage in fit
2026-08-21T06:00:03.527118+00:00,BTC,75387.78,2026-09-25,0.096119,75766.07,-0.04209627,0.14204423,0.17752,0.098095,0.406169,2.041,59,True,
2026-08-21T06:00:03.527118+00:00,BTC,75387.78,2026-10-30,0.192009,76073.32,,,,,,0.21,47,False,butterfly arbitrage in fit
2026-08-21T06:00:03.527118+00:00,BTC,75387.78,2026-12-25,0.345434,76697.66,-0.12042302,0.26601778,0.346812,0.31833,0.720891,1.332,59,True,
2026-08-21T06:00:03.527118+00:00,BTC,75387.78,2027-03-26,0.594749,77528.98,,,,,,0.14,51,False,butterfly arbitrage in fit
2026-08-21T06:00:03.527118+00:00,BTC,75387.78,2027-06-25,0.844064,78457.7,-0.43777015,0.42860045,0.238549,0.452691,1.428079,0.168,43,True,
2026-08-21T06:00:09.703405+00:00,ETH,2365.43,2026-08-21,0.000228,2364.39,,,,,,,0,False,expiry too near
2026-08-21T06:00:09.703405+00:00,ETH,2365.43,2026-08-22,0.002968,2364.72,,,,,,,0,False,expiry too near
2026-08-21T06:00:09.703405+00:00,ETH,2365.43,2026-08-23,0.005707,2365.38,,,,,,29.621,32,False,butterfly arbitrage in fit
2026-08-21T06:00:09.703405+00:00,ETH,2365.43,2026-08-24,0.008447,2365.72,,,,,,15.788,30,False,butterfly arbitrage in fit
2026-08-21T06:00:09.703405+00:00,ETH,2365.43,2026-08-28,0.019406,2366.89,-0.01284962,0.08815108,-0.207512,-0.078495,0.217462,1.773,31,True,
2026-08-21T06:00:09.703405+00:00,ETH,2365.43,2026-09-04,0.038584,2366.61,-0.03056662,0.12212024,-0.220715,-0.108938,0.34404,0.145,21,True,
2026-08-21T06:00:09.703405+00:00,ETH,2365.43,2026-09-11,0.057762,2367.42,,,,,,0.06,15,False,butterfly arbitrage in fit
2026-08-21T06:00:09.703405+00:00,ETH,2365.43,2026-09-25,0.096118,2368.56,-0.08719899,0.18288021,-0.074458,-0.064406,0.615406,1.326,44,True,
2026-08-21T06:00:09.703405+00:00,ETH,2365.43,2026-10-30,0.192009,2374.87,-0.27037897,0.28443838,-0.065149,-0.073942,1.130082,0.389,34,True,
2026-08-21T06:00:09.703405+00:00,ETH,2365.43,2026-12-25,0.345433,2386.62,-0.36091908,0.34448778,-0.290739,-0.398791,1.390445,0.551,43,True,
2026-08-21T06:00:09.703405+00:00,ETH,2365.43,2027-03-26,0.594749,2411.67,-0.15861271,0.33682851,-0.48609,-0.568929,1.139398,0.257,39,True,
2026-08-21T06:00:09.703405+00:00,ETH,2365.43,2027-06-25,0.844064,2438.47,-0.01076281,0.31633002,-0.553255,-0.578397,1.016859,0.173,35,True,
2026-08-22T06:00:03.880759+00:00,BTC,77352.63,2026-08-22,0.000228,77370.14,,,,,,,0,False,expiry too near
2026-08-22T06:00:03.880759+00:00,BTC,77352.63,2026-08-23,0.002968,77383.48,,,,,,,0,False,expiry too near
2026-08-22T06:00:03.880759+00:00,BTC,77352.63,2026-08-24,0.005708,77402.14,-0.00449261,0.04765786,-0.215299,-0.045282,0.122545,0.541,29,True,
2026-08-22T06:00:03.880759+00:00,BTC,77352.63,2026-08-25,0.008447,77414.34,0.00111419,0.01936593,0.111869,-0.016065,0.042612,0.255,29,True,
2026-08-22T06:00:03.880759+00:00,BTC,77352.63,2026-08-28,0.016667,77452.05,-0.00198881,0.04917856,-0.472987,-0.1082,0.132693,1.581,40,True,
2026-08-22T06:00:03.880759+00:00,BTC,77352.63,2026-09-04,0.035845,77515.15,-0.0022649,0.06056773,-0.308729,-0.086696,0.155587,0.531,28,True,
2026-08-22T06:00:03.880759+00:00,BTC,77352.63,2026-09-11,0.055023,77573.09,-0.00231429,0.07122554,-0.301469,-0.095532,0.177325,0.137,26,True,
2026-08-22T06:00:03.880759+00:00,BTC,77352.63,2026-09-25,0.093379,77692.19,-0.03649309,0.14232736,-0.334669,-0.159004,0.391959,0.734,54,True,
2026-08-22T06:00:03.880759+00:00,BTC,77352.63,2026-10-30,0.189269,77998.61,-0.20808755,0.29432084,-0.346508,-0.31249,0.870077,0.158,51,True,
2026-08-22T06:00:03.880759+00:00,BTC,77352.63,2026-12-25,0.342694,78586.62,-0.22566309,0.30678873,-0.331202,-0.297586,0.991608,1.098,59,True,
2026-08-22T06:00:03.880759+00:00,BTC,77352.63,2027-03-26,0.592009,79445.82,-0.86353147,0.48502378,-0.005391,0.083088,2.0,0.35,51,True,
2026-08-22T06:00:03.880759+00:00,BTC,77352.63,2027-06-25,0.841324,80358.02,-0.58648259,0.49370314,-0.415041,-0.633912,1.651337,0.141,48,True,
2026-08-22T06:00:09.737429+00:00,ETH,2437.97,2026-08-22,0.000228,2437.8,,,,,,,0,False,expiry too near
2026-08-22T06:00:09.737429+00:00,ETH,2437.97,2026-08-23,0.002968,2438.87,,,,,,,0,False,expiry too near
2026-08-22T06:00:09.737429+00:00,ETH,2437.97,2026-08-24,0.005707,2438.76,-0.00524017,0.05888507,-0.245009,-0.051107,0.135519,0.231,38,True,
2026-08-22T06:00:09.737429+00:00,ETH,2437.97,2026-08-25,0.008447,2439.44,-0.0088712,0.07205758,-0.206599,-0.055382,0.179185,0.191,32,True,
2026-08-22T06:00:09.737429+00:00,ETH,2437.97,2026-08-28,0.016666,2440.54,-0.01108844,0.09186993,-0.291581,-0.090587,0.209287,6.664,29,True,
2026-08-22T06:00:09.737429+00:00,ETH,2437.97,2026-09-04,0.035844,2440.86,-0.02644609,0.13522993,-0.340848,-0.147074,0.306862,0.161,23,True,
2026-08-22T06:00:09.737429+00:00,ETH,2437.97,2026-09-11,0.055023,2441.52,-0.01672139,0.1356256,-0.421657,-0.174226,0.276698,0.177,18,True,
2026-08-22T06:00:09.737429+00:00,ETH,2437.97,2026-09-25,0.093379,2443.11,-0.04560498,0.1669425,-0.304466,-0.164108,0.464121,2.421,44,True,
2026-08-22T06:00:09.737429+00:00,ETH,2437.97,2026-10-30,0.189269,2449.65,-0.04183122,0.19614649,-0.401588,-0.264849,0.542153,0.269,38,True,
2026-08-22T06:00:09.737429+00:00,ETH,2437.97,2026-12-25,0.342694,2461.67,-0.0060518,0.19483638,-0.36602,-0.239035,0.602112,1.472,44,True,
2026-08-22T06:00:09.737429+00:00,ETH,2437.97,2027-03-26,0.592009,2486.29,0.05423652,0.2361848,-0.550015,-0.397356,0.651444,0.077,39,True,
2026-08-22T06:00:09.737429+00:00,ETH,2437.97,2027-06-25,0.841324,2513.35,0.05317812,0.30102296,-0.554841,-0.516327,0.843282,0.133,40,True,
2026-08-23T06:00:02.900538+00:00,BTC,76048.16,2026-08-23,0.000228,76048.65,,,,,,,0,False,expiry too near
2026-08-23T06:00:02.900538+00:00,BTC,76048.16,2026-08-24,0.002968,76072.5,,,,,,,0,False,expiry too near
2026-08-23T06:00:02.900538+00:00,BTC,76048.16,2026-08-25,0.005708,76097.79,,,,,,19.446,29,False,butterfly arbitrage in fit
2026-08-23T06:00:02.900538+00:00,BTC,76048.16,2026-08-26,0.008447,76113.41,-0.00263966,0.03395918,-0.222846,-0.043104,0.129404,0.169,25,True,
2026-08-23T06:00:02.900538+00:00,BTC,76048.16,2026-08-28,0.013927,76134.77,,,,,,0.41,40,False,butterfly arbitrage in fit
2026-08-23T06:00:02.900538+00:00,BTC,76048.16,2026-09-04,0.033105,76170.97,-0.00877105,0.06852673,-0.283505,-0.077627,0.217985,0.364,29,True,
2026-08-23T06:00:02.900538+00:00,BTC,76048.16,2026-09-11,0.052283,76223.6,,,,,,0.164,26,False,butterfly arbitrage in fit
2026-08-23T06:00:02.900538+00:00,BTC,76048.16,2026-09-25,0.090639,76343.06,-0.08553251,0.1779543,-0.249679,-0.14213,0.580121,0.433,54,True,
2026-08-23T06:00:02.900538+00:00,BTC,76048.16,2026-10-30,0.18653,76671.22,,,,,,0.33,51,False,butterfly arbitrage in fit
2026-08-23T06:00:02.900538+00:00,BTC,76048.16,2026-12-25,0.339954,77267.28,-0.28841235,0.31619999,-0.264798,-0.244179,1.13805,0.371,59,True,
2026-08-23T06:00:02.900538+00:00,BTC,76048.16,2027-03-26,0.589269,78087.15,-0.62148057,0.42358462,-0.091375,-0.050723,1.716552,0.076,51,True,
2026-08-23T06:00:02.900538+00:00,BTC,76048.16,2027-06-25,0.838584,78933.3,-0.77627169,0.48822566,-0.203046,-0.254364,1.929792,0.062,48,True,
2026-08-23T06:00:07.267031+00:00,ETH,2374.61,2026-08-23,0.000228,2373.53,,,,,,,0,False,expiry too near
2026-08-23T06:00:07.267031+00:00,ETH,2374.61,2026-08-24,0.002968,2373.94,,,,,,,0,False,expiry too near
2026-08-23T06:00:07.267031+00:00,ETH,2374.61,2026-08-25,0.005708,2374.69,,,,,,15.811,34,False,butterfly arbitrage in fit
2026-08-23T06:00:07.267031+00:00,ETH,2374.61,2026-08-26,0.008447,2375.3,-0.00620998,0.05316183,0.125352,0.01246,0.183033,0.28,26,True,
2026-08-23T06:00:07.267031+00:00,ETH,2374.61,2026-08-28,0.013927,2376.19,-0.01579081,0.08259911,-0.193598,-0.074967,0.260844,2.447,28,True,
2026-08-23T06:00:07.267031+00:00,ETH,2374.61,2026-09-04,0.033105,2376.36,-0.02937823,0.11253013,-0.08483,-0.050018,0.357164,0.615,26,True,
2026-08-23T06:00:07.267031+00:00,ETH,2374.61,2026-09-11,0.052283,2376.7,-0.27986604,0.29542407,-0.041374,-0.052771,1.001542,0.164,18,True,
2026-08-23T06:00:07.267031+00:00,ETH,2374.61,2026-09-25,0.090639,2378.52,-0.05366615,0.15545239,-0.080106,-0.033607,0.519608,1.756,50,True,
2026-08-23T06:00:07.267031+00:00,ETH,2374.61,2026-10-30,0.186529,2385.05,-0.09145247,0.20776369,-0.220494,-0.161284,0.721104,0.247,39,True,
2026-08-23T06:00:07.267031+00:00,ETH,2374.61,2026-12-25,0.339954,2397.05,-0.02789558,0.20710961,-0.362523,-0.25858,0.674138,0.615,43,True,
2026-08-23T06:00:07.267031+00:00,ETH,2374.61,2027-03-26,0.589269,2421.0,0.0574285,0.21954655,-0.51229,-0.353166,0.657165,0.101,39,True,
2026-08-23T06:00:07.267031+00:00,ETH,2374.61,2027-06-25,0.838584,2447.76,0.05392809,0.2868506,-0.531026,-0.479188,0.853138,0.113,40,True,
2026-08-24T06:00:02.306701+00:00,BTC,77146.65,2026-08-24,0.000228,77140.34,,,,,,,0,False,expiry too near
2026-08-24T06:00:02.306701+00:00,BTC,77146.65,2026-08-25,0.002968,77164.02,,,,,,,0,False,expiry too near
2026-08-24T06:00:02.306701+00:00,BTC,77146.65,2026-08-26,0.005708,77187.57,,,,,,21.556,25,False,butterfly arbitrage in fit
2026-08-24T06:00:02.306701+00:00,BTC,77146.65,2026-08-27,0.008447,77206.18,,,,,,15.738,27,False,butterfly arbitrage in fit
2026-08-24T06:00:02.306701+00:00,BTC,77146.65,2026-08-28,0.011187,77230.39,,,,,,13.533,37,False,butterfly arbitrage in fit
2026-08-24T06:00:02.306701+00:00,BTC,77146.65,2026-09-04,0.030365,77304.71,-0.00554069,0.06744659,-0.297486,-0.078838,0.171547,0.232,29,True,
2026-08-24T06:00:02.306701+00:00,BTC,77146.65,2026-09-11,0.049543,77355.12,-0.01133215,0.0891959,-0.339551,-0.104689,0.235119,0.153,26,True,
2026-08-24T06:00:02.306701+00:00,BTC,77146.65,2026-09-25,0.087899,77533.4,-0.07808826,0.183156,-0.312876,-0.16879,0.53207,0.566,54,True,
2026-08-24T06:00:02.306701+00:00,BTC,77146.65,2026-10-30,0.18379,77798.88,-0.21205417,0.29218938,-0.334874,-0.292117,0.878112,0.204,51,True,
2026-08-24T06:00:02.306701+00:00,BTC,77146.65,2026-12-25,0.337215,78400.49,-0.44743179,0.38348157,-0.277905,-0.327133,1.37106,0.419,59,True,
2026-08-24T06:00:02.306701+00:00,BTC,77146.65,2027-03-26,0.58653,79247.87,-0.62429318,0.42547018,-0.084958,-0.046026,1.710462,0.107,51,True,
2026-08-24T06:00:02.306701+00:00,BTC,77146.65,2027-06-25,0.835845,80139.29,-0.72208951,0.4645263,-0.170779,-0.193965,1.893142,0.096,48,True,
2026-08-24T06:00:08.103333+00:00,ETH,2448.42,2026-08-24,0.000228,2447.96,,,,,,,0,False,expiry too near
2026-08-24T06:00:08.103333+00:00,ETH,2448.42,2026-08-25,0.002968,2448.71,,,,,,,0,False,expiry too near
2026-08-24T06:00:08.103333+00:00,ETH,2448.42,2026-08-26,0.005708,2449.13,-0.00722342,0.05671703,-0.18026,-0.071203,0.175968,0.45,27,True,
2026-08-24T06:00:08.103333+00:00,ETH,2448.42,2026-08-27,0.008447,2449.72,-0.01386294,0.07539965,-0.172114,-0.086436,0.236052,0.148,30,True,
2026-08-24T06:00:08.103333+00:00,ETH,2448.42,2026-08-28,0.011187,2450.42,-0.00471222,0.06111927,-0.186346,-0.078803,0.156233,0.795,26,True,
2026-08-24T06:00:08.103333+00:00,ETH,2448.42,2026-09-04,0.030365,2450.97,-0.03331109,0.12683579,-0.218445,-0.138127,0.357553,0.818,26,True,
2026-08-24T06:00:08.103333+00:00,ETH,2448.42,2026-09-11,0.049543,2451.83,,,,,,0.09,18,False,butterfly arbitrage in fit
2026-08-24T06:00:08.103333+00:00,ETH,2448.42,2026-09-25,0.087899,2454.75,-0.05676851,0.16065039,-0.147354,-0.110065,0.532007,2.008,50,True,
2026-08-24T06:00:08.103333+00:00,ETH,2448.42,2026-10-30,0.18379,2460.99,-0.28083724,0.31411644,-0.257839,-0.326088,1.110228,0.448,39,True,
2026-08-24T06:00:08.103333+00:00,ETH,2448.42,2026-12-25,0.337214,2473.0,-0.14933625,0.28100159,-0.353109,-0.380031,0.965524,0.779,44,True,
2026-08-24T06:00:08.103333+00:00,ETH,2448.42,2027-03-26,0.586529,2498.21,-0.02449598,0.27256525,-0.453492,-0.422099,0.858891,0.167,39,True,
2026-08-24T06:00:08.103333+00:00,ETH,2448.42,2027-06-25,0.835844,2528.17,0.00359214,0.31949016,-0.505969,-0.536031,0.94723,0.171,40,True,
2026-08-25T06:00:02.475645+00:00,BTC,80707.85,2026-08-25,0.000228,80686.7,,,,,,,0,False,expiry too near
2026-08-25T06:00:02.475645+00:00,BTC,80707.85,2026-08-26,0.002968,80704.6,,,,,,,0,False,expiry too near
2026-08-25T06:00:02.475645+00:00,BTC,80707.85,2026-08-27,0.005708,80722.14,,,,,,45.785,31,False,butterfly arbitrage in fit
2026-08-25T06:00:02.475645+00:00,BTC,80707.85,2026-08-28,0.008447,80748.79,,,,,,39.454,35,False,butterfly arbitrage in fit
2026-08-25T06:00:02.475645+00:00,BTC,80707.85,2026-09-04,0.027625,80815.96,-0.00230304,0.05922313,-0.369236,-0.094205,0.144222,0.285,31,True,
2026-08-25T06:00:02.475645+00:00,BTC,80707.85,2026-09-11,0.046804,80860.0,-0.00156631,0.0684665,-0.362829,-0.10681,0.16152,0.078,27,True,
2026-08-25T06:00:02.475645+00:00,BTC,80707.85,2026-09-25,0.08516,81044.2,-0.01340723,0.11392,-0.377468,-0.157357,0.271603,0.631,54,True,
2026-08-25T06:00:02.475645+00:00,BTC,80707.85,2026-10-30,0.18105,81359.41,-0.03716816,0.16275446,-0.31512,-0.185065,0.447383,0.104,53,True,
2026-08-25T06:00:02.475645+00:00,BTC,80707.85,2026-12-25,0.334475,81947.96,-0.30008839,0.33878257,-0.261021,-0.287319,1.100866,0.363,59,True,
2026-08-25T06:00:02.475645+00:00,BTC,80707.85,2027-03-26,0.58379,82848.05,-0.56665709,0.42872326,-0.148214,-0.190954,1.584463,0.096,51,True,
2026-08-25T06:00:02.475645+00:00,BTC,80707.85,2027-06-25,0.833105,83880.59,-0.62742241,0.45377796,-0.125221,-0.141348,1.72998,0.049,50,True,
2026-08-25T06:00:07.655960+00:00,ETH,2507.62,2026-08-25,0.000228,2507.64,,,,,,,0,False,expiry too near
2026-08-25T06:00:07.655960+00:00,ETH,2507.62,2026-08-26,0.002968,2508.17,,,,,,,0,False,expiry too near
2026-08-25T06:00:07.655960+00:00,ETH,2507.62,2026-08-27,0.005708,2508.69,,,,,,20.644,31,False,butterfly arbitrage in fit
2026-08-25T06:00:07.655960+00:00,ETH,2507.62,2026-08-28,0.008447,2509.4,-0.00454226,0.05721332,-0.380377,-0.094231,0.148241,1.509,31,True,
2026-08-25T06:00:07.655960+00:00,ETH,2507.62,2026-09-04,0.027625,2510.34,-0.00690225,0.08633493,-0.323567,-0.126438,0.205414,1.68,26,True,
2026-08-25T06:00:07.655960+00:00,ETH,2507.62,2026-09-11,0.046803,2511.39,-0.03579141,0.14945332,-0.394765,-0.217857,0.373753,0.12,18,True,
2026-08-25T06:00:07.655960+00:00,ETH,2507.62,2026-09-25,0.08516,2514.28,-0.05671647,0.16846039,-0.305225,-0.206664,0.523671,4.682,58,True,
2026-08-25T06:00:07.655960+00:00,ETH,2507.62,2026-10-30,0.18105,2519.88,-0.01586647,0.15888513,-0.322222,-0.210971,0.478953,0.318,39,True,
2026-08-25T06:00:07.655960+00:00,ETH,2507.62,2026-12-25,0.334475,2529.97,-0.04217167,0.22367037,-0.373245,-0.300709,0.705661,0.397,44,True,
2026-08-25T06:00:07.655960+00:00,ETH,2507.62,2027-03-26,0.58379,2551.06,-0.02308062,0.27880797,-0.448856,-0.412865,0.837298,0.152,39,True,
2026-08-25T06:00:07.655960+00:00,ETH,2507.62,2027-06-25,0.833105,2577.28,-0.00248328,0.32813147,-0.498454,-0.520799,0.946947,0.13,40,True,
2026-08-27T06:00:04.895147+00:00,BTC,78877.87,2026-08-27,0.000228,78893.16,,,,,,,0,False,expiry too near
2026-08-27T06:00:04.895147+00:00,BTC,78877.87,2026-08-28,0.002968,78919.11,,,,,,,0,False,expiry too near
2026-08-27T06:00:04.895147+00:00,BTC,78877.87,2026-08-29,0.005708,78928.19,,,,,,36.679,26,False,butterfly arbitrage in fit
2026-08-27T06:00:04.895147+00:00,BTC,78877.87,2026-08-30,0.008447,78938.99,,,,,,29.191,27,False,butterfly arbitrage in fit
2026-08-27T06:00:04.895147+00:00,BTC,78877.87,2026-09-04,0.022146,78974.94,,,,,,15.54,31,False,butterfly arbitrage in fit
2026-08-27T06:00:04.895147+00:00,BTC,78877.87,2026-09-11,0.041324,79020.44,-0.0209938,0.0948625,-0.402813,-0.153111,0.310512,0.135,27,True,
2026-08-27T06:00:04.895147+00:00,BTC,78877.87,2026-09-25,0.07968,79135.87,-0.03581056,0.12733769,-0.36693,-0.162155,0.399982,2.177,52,True,
2026-08-27T06:00:04.895147+00:00,BTC,78877.87,2026-10-30,0.175571,79507.86,-0.04710154,0.15652941,-0.297042,-0.139317,0.490571,0.149,53,True,
2026-08-27T06:00:04.895147+00:00,BTC,78877.87,2026-12-25,0.328995,80140.83,-0.35407517,0.35440613,-0.263155,-0.289984,1.195767,0.477,59,True,
2026-08-27T06:00:04.895147+00:00,BTC,78877.87,2027-03-26,0.57831,81038.17,-0.36899533,0.36940415,-0.14867,-0.142765,1.286701,0.176,51,True,
2026-08-27T06:00:04.895147+00:00,BTC,78877.87,2027-06-25,0.827625,82052.28,-0.23500551,0.3393872,-0.057438,0.007165,1.140094,0.116,50,True,
2026-08-27T06:00:08.850061+00:00,ETH,2495.25,2026-08-27,0.000228,2495.24,,,,,,,0,False,expiry too near
2026-08-27T06:00:08.850061+00:00,ETH,2495.25,2026-08-28,0.002968,2495.99,,,,,,,0,False,expiry too near
2026-08-27T06:00:08.850061+00:00,ETH,2495.25,2026-08-29,0.005707,2496.1,-0.00753665,0.04781158,0.328029,0.049838,0.202717,0.304,27,True,
2026-08-27T06:00:08.850061+00:00,ETH,2495.25,2026-08-30,0.008447,2496.45,-0.00440108,0.03810412,0.126801,-0.001662,0.170607,0.21,27,True,
2026-08-27T06:00:08.850061+00:00,ETH,2495.25,2026-09-04,0.022146,2497.78,-0.01428057,0.07973206,-0.29649,-0.114178,0.264754,0.298,26,True,
2026-08-27T06:00:08.850061+00:00,ETH,2495.25,2026-09-11,0.041324,2499.52,-0.02758178,0.1089277,-0.244362,-0.123439,0.364978,0.168,18,True,
2026-08-27T06:00:08.850061+00:00,ETH,2495.25,2026-09-25,0.07968,2504.04,-0.05488186,0.15801946,-0.309215,-0.181215,0.512268,1.443,46,True,
2026-08-27T06:00:08.850061+00:00,ETH,2495.25,2026-10-30,0.17557,2510.16,-0.05807051,0.18641311,-0.325426,-0.224336,0.611373,0.392,39,True,
2026-08-27T06:00:08.850061+00:00,ETH,2495.25,2026-12-25,0.328995,2522.29,-0.12341137,0.26787435,-0.376433,-0.352068,0.894349,0.505,44,True,
2026-08-27T06:00:08.850061+00:00,ETH,2495.25,2027-03-26,0.57831,2546.61,-0.0227765,0.27631653,-0.445834,-0.388972,0.821668,0.175,39,True,
2026-08-27T06:00:08.850061+00:00,ETH,2495.25,2027-06-25,0.827625,2574.32,0.01909667,0.31381618,-0.490649,-0.474666,0.889518,0.149,40,True,
2026-08-29T06:00:03.930563+00:00,BTC,77642.85,2026-08-29,0.000228,77658.05,,,,,,,0,False,expiry too near
2026-08-29T06:00:03.930563+00:00,BTC,77642.85,2026-08-30,0.002968,77658.04,,,,,,,0,False,expiry too near
2026-08-29T06:00:03.930563+00:00,BTC,77642.85,2026-08-31,0.005708,77664.72,,,,,,14.642,22,False,butterfly arbitrage in fit
2026-08-29T06:00:03.930563+00:00,BTC,77642.85,2026-09-01,0.008447,77673.58,,,,,,12.905,25,False,butterfly arbitrage in fit
2026-08-29T06:00:03.930563+00:00,BTC,77642.85,2026-09-04,0.016667,77701.51,,,,,,28.728,28,False,butterfly arbitrage in fit
2026-08-29T06:00:03.930563+00:00,BTC,77642.85,2026-09-11,0.035845,77749.07,-0.02595053,0.08678005,-0.295208,-0.085371,0.36234,0.183,27,True,
2026-08-29T06:00:03.930563+00:00,BTC,77642.85,2026-09-18,0.055023,77816.87,,,,,,0.14,20,False,butterfly arbitrage in fit
2026-08-29T06:00:03.930563+00:00,BTC,77642.85,2026-09-25,0.074201,77870.4,-0.01965679,0.0975569,-0.366576,-0.097867,0.320948,0.527,42,True,
2026-08-29T06:00:03.930563+00:00,BTC,77642.85,2026-10-30,0.170091,78230.81,-0.04024301,0.14806715,-0.389554,-0.159257,0.463814,0.284,53,True,
2026-08-29T06:00:03.930563+00:00,BTC,77642.85,2026-11-27,0.246804,78540.97,,,,,,0.111,44,False,butterfly arbitrage in fit
2026-08-29T06:00:03.930563+00:00,BTC,77642.85,2026-12-25,0.323516,78845.3,-0.16581801,0.26642939,-0.36792,-0.284884,0.869653,1.16,59,True,
2026-08-29T06:00:03.930563+00:00,BTC,77642.85,2027-03-26,0.572831,79751.02,-0.31560663,0.33720741,-0.174948,-0.145919,1.23758,0.235,51,True,
2026-08-29T06:00:03.930563+00:00,BTC,77642.85,2027-06-25,0.822146,80763.45,-0.58548358,0.46900845,-0.233862,-0.300503,1.602233,0.139,50,True,
2026-08-29T06:00:08.362937+00:00,ETH,2439.23,2026-08-29,0.000228,2439.71,,,,,,,0,False,expiry too near
2026-08-29T06:00:08.362937+00:00,ETH,2439.23,2026-08-30,0.002968,2439.74,,,,,,,0,False,expiry too near
2026-08-29T06:00:08.362937+00:00,ETH,2439.23,2026-08-31,0.005707,2440.0,,,,,,29.875,19,False,butterfly arbitrage in fit
2026-08-29T06:00:08.362937+00:00,ETH,2439.23,2026-09-01,0.008447,2440.43,,,,,,15.786,25,False,butterfly arbitrage in fit
2026-08-29T06:00:08.362937+00:00,ETH,2439.23,2026-09-04,0.016666,2441.23,-0.00450765,0.05217516,-0.510422,-0.099804,0.16369,0.744,22,True,
2026-08-29T06:00:08.362937+00:00,ETH,2439.23,2026-09-11,0.035844,2442.68,,,,,,0.241,19,False,butterfly arbitrage in fit
2026-08-29T06:00:08.362937+00:00,ETH,2439.23,2026-09-18,0.055023,2444.39,,,,,,0.176,16,False,butterfly arbitrage in fit
2026-08-29T06:00:08.362937+00:00,ETH,2439.23,2026-09-25,0.074201,2447.18,-0.03725431,0.13013035,-0.406868,-0.192148,0.455325,0.768,35,True,
2026-08-29T06:00:08.362937+00:00,ETH,2439.23,2026-10-30,0.170091,2452.71,-0.04628859,0.17847966,-0.451471,-0.2927,0.562039,0.84,39,True,
2026-08-29T06:00:08.362937+00:00,ETH,2439.23,2026-11-27,0.246803,2458.5,,,,,,0.131,31,False,butterfly arbitrage in fit
2026-08-29T06:00:08.362937+00:00,ETH,2439.23,2026-12-25,0.323516,2463.38,-0.13599181,0.27068561,-0.438903,-0.418669,0.927128,0.843,44,True,
2026-08-29T06:00:08.362937+00:00,ETH,2439.23,2027-03-26,0.572831,2488.26,0.00829762,0.2583772,-0.526302,-0.409501,0.741594,0.234,39,True,
2026-08-29T06:00:08.362937+00:00,ETH,2439.23,2027-06-25,0.822146,2516.07,0.02687846,0.30673851,-0.526509,-0.485133,0.869514,0.117,40,True,
2026-08-30T06:00:03.478154+00:00,BTC,78129.7,2026-08-30,0.000228,78121.15,,,,,,,0,False,expiry too near
2026-08-30T06:00:03.478154+00:00,BTC,78129.7,2026-08-31,0.002968,78129.46,,,,,,,0,False,expiry too near
2026-08-30T06:00:03.478154+00:00,BTC,78129.7,2026-09-01,0.005708,78145.43,,,,,,0.514,20,False,butterfly arbitrage in fit
2026-08-30T06:00:03.478154+00:00,BTC,78129.7,2026-09-02,0.008447,78159.35,,,,,,19.251,23,False,butterfly arbitrage in fit
2026-08-30T06:00:03.478154+00:00,BTC,78129.7,2026-09-04,0.013927,78184.57,,,,,,33.005,27,False,butterfly arbitrage in fit
2026-08-30T06:00:03.478154+00:00,BTC,78129.7,2026-09-11,0.033105,78238.31,-0.12499936,0.16330788,-0.037383,-0.008834,0.788326,0.24,27,True,
2026-08-30T06:00:03.478154+00:00,BTC,78129.7,2026-09-18,0.052283,78301.37,-0.0249378,0.09788391,-0.365107,-0.113291,0.343686,0.203,20,True,
2026-08-30T06:00:03.478154+00:00,BTC,78129.7,2026-09-25,0.071461,78357.06,-0.04694092,0.12557253,-0.231451,-0.076697,0.454338,0.506,43,True,
2026-08-30T06:00:03.478154+00:00,BTC,78129.7,2026-10-30,0.167351,78721.95,-0.10050979,0.19040499,-0.278089,-0.144044,0.666552,0.312,53,True,
2026-08-30T06:00:03.478154+00:00,BTC,78129.7,2026-11-27,0.244064,79032.28,,,,,,0.172,44,False,butterfly arbitrage in fit
2026-08-30T06:00:03.478154+00:00,BTC,78129.7,2026-12-25,0.320776,79347.22,-0.28196618,0.31651865,-0.307951,-0.283955,1.095313,0.534,59,True,
2026-08-30T06:00:03.478154+00:00,BTC,78129.7,2027-03-26,0.570091,80265.89,-0.42558377,0.38399052,-0.224825,-0.243548,1.386706,0.185,51,True,
2026-08-30T06:00:03.478154+00:00,BTC,78129.7,2027-06-25,0.819406,81278.56,-0.73758053,0.49395317,-0.100236,-0.091276,1.791869,0.171,50,True,
2026-08-30T06:00:08.046603+00:00,ETH,2456.19,2026-08-30,0.000228,2456.28,,,,,,,0,False,expiry too near
2026-08-30T06:00:08.046603+00:00,ETH,2456.19,2026-08-31,0.002968,2456.49,,,,,,,0,False,expiry too near
2026-08-30T06:00:08.046603+00:00,ETH,2456.19,2026-09-01,0.005708,2456.98,,,,,,19.286,30,False,butterfly arbitrage in fit
2026-08-30T06:00:08.046603+00:00,ETH,2456.19,2026-09-02,0.008447,2457.36,,,,,,28.21,26,False,butterfly arbitrage in fit
2026-08-30T06:00:08.046603+00:00,ETH,2456.19,2026-09-04,0.013927,2458.05,,,,,,19.714,22,False,butterfly arbitrage in fit
2026-08-30T06:00:08.046603+00:00,ETH,2456.19,2026-09-11,0.033105,2459.84,,,,,,0.286,19,False,butterfly arbitrage in fit
2026-08-30T06:00:08.046603+00:00,ETH,2456.19,2026-09-18,0.052283,2461.85,,,,,,0.144,16,False,butterfly arbitrage in fit
2026-08-30T06:00:08.046603+00:00,ETH,2456.19,2026-09-25,0.071461,2464.92,-0.08041162,0.16480984,-0.233314,-0.129189,0.606468,0.716,38,True,
2026-08-30T06:00:08.046603+00:00,ETH,2456.19,2026-10-30,0.167351,2470.67,-0.03071076,0.16444073,-0.476517,-0.284407,0.513184,0.491,39,True,
2026-08-30T06:00:08.046603+00:00,ETH,2456.19,2026-11-27,0.244064,2476.76,,,,,,0.168,31,False,butterfly arbitrage in fit
2026-08-30T06:00:08.046603+00:00,ETH,2456.19,2026-12-25,0.320776,2482.09,-0.17902025,0.28944837,-0.43286,-0.441628,1.032369,0.984,44,True,
2026-08-30T06:00:08.046603+00:00,ETH,2456.19,2027-03-26,0.570091,2508.05,0.06028185,0.21870894,-0.554195,-0.361846,0.629692,0.24,39,True,
2026-08-30T06:00:08.046603+00:00,ETH,2456.19,2027-06-25,0.819406,2536.26,0.08582501,0.27114862,-0.565738,-0.455584,0.757404,0.117,40,True,
2026-08-31T06:00:02.853813+00:00,BTC,77999.46,2026-08-31,0.000228,77995.99,,,,,,,0,False,expiry too near
2026-08-31T06:00:02.853813+00:00,BTC,77999.46,2026-09-01,0.002968,78010.63,,,,,,,0,False,expiry too near
2026-08-31T06:00:02.853813+00:00,BTC,77999.46,2026-09-02,0.005708,78023.11,,,,,,17.455,22,False,butterfly arbitrage in fit
2026-08-31T06:00:02.853813+00:00,BTC,77999.46,2026-09-03,0.008447,78032.95,,,,,,33.203,27,False,butterfly arbitrage in fit
2026-08-31T06:00:02.853813+00:00,BTC,77999.46,2026-09-04,0.011187,78040.29,,,,,,36.085,26,False,butterfly arbitrage in fit
2026-08-31T06:00:02.853813+00:00,BTC,77999.46,2026-09-11,0.030365,78093.14,-0.08316201,0.14278455,-0.096043,-0.05266,0.607965,0.32,27,True,
2026-08-31T06:00:02.853813+00:00,BTC,77999.46,2026-09-18,0.049543,78156.55,-0.09093652,0.15449868,-0.092351,-0.043054,0.628949,0.109,20,True,
2026-08-31T06:00:02.853813+00:00,BTC,77999.46,2026-09-25,0.068721,78193.07,-0.03173351,0.11428276,-0.307847,-0.105093,0.365699,0.363,43,True,
2026-08-31T06:00:02.853813+00:00,BTC,77999.46,2026-10-30,0.164612,78596.86,-0.07193906,0.17643098,-0.333645,-0.166604,0.558143,0.383,53,True,
2026-08-31T06:00:02.853813+00:00,BTC,77999.46,2026-11-27,0.241324,78920.07,,,,,,0.15,44,False,butterfly arbitrage in fit
2026-08-31T06:00:02.853813+00:00,BTC,77999.46,2026-12-25,0.318036,79236.27,,,,,,1.128,59,False,butterfly arbitrage in fit
2026-08-31T06:00:02.853813+00:00,BTC,77999.46,2027-03-26,0.567352,80146.01,-0.33332289,0.34820182,-0.204912,-0.189366,1.246501,0.253,51,True,
2026-08-31T06:00:02.853813+00:00,BTC,77999.46,2027-06-25,0.816667,81150.48,-0.51869317,0.42553431,-0.123424,-0.10565,1.563719,0.091,50,True,
2026-08-31T06:00:07.476352+00:00,ETH,2435.59,2026-08-31,0.000228,2435.7,,,,,,,0,False,expiry too near
2026-08-31T06:00:07.476352+00:00,ETH,2435.59,2026-09-01,0.002968,2436.13,,,,,,,0,False,expiry too near
2026-08-31T06:00:07.476352+00:00,ETH,2435.59,2026-09-02,0.005708,2436.5,,,,,,32.212,28,False,butterfly arbitrage in fit
2026-08-31T06:00:07.476352+00:00,ETH,2435.59,2026-09-03,0.008447,2436.84,,,,,,17.419,30,False,butterfly arbitrage in fit
2026-08-31T06:00:07.476352+00:00,ETH,2435.59,2026-09-04,0.011187,2437.12,,,,,,24.48,20,False,butterfly arbitrage in fit
2026-08-31T06:00:07.476352+00:00,ETH,2435.59,2026-09-11,0.030365,2438.94,,,,,,0.312,19,False,butterfly arbitrage in fit
2026-08-31T06:00:07.476352+00:00,ETH,2435.59,2026-09-18,0.049543,2440.85,-0.17900867,0.20566291,-0.212113,-0.197489,0.946985,0.057,16,True,
2026-08-31T06:00:07.476352+00:00,ETH,2435.59,2026-09-25,0.068721,2443.69,-0.08113168,0.16089103,-0.293005,-0.17392,0.631884,0.633,35,True,
2026-08-31T06:00:07.476352+00:00,ETH,2435.59,2026-10-30,0.164612,2449.49,-0.06648288,0.19495152,-0.482702,-0.352901,0.63604,0.789,39,True,
2026-08-31T06:00:07.476352+00:00,ETH,2435.59,2026-11-27,0.241324,2455.48,,,,,,0.163,31,False,butterfly arbitrage in fit
2026-08-31T06:00:07.476352+00:00,ETH,2435.59,2026-12-25,0.318036,2460.5,-0.09632867,0.24560439,-0.454696,-0.398419,0.844718,1.663,44,True,
2026-08-31T06:00:07.476352+00:00,ETH,2435.59,2027-03-26,0.567351,2485.23,0.04467104,0.23011303,-0.553122,-0.389326,0.671842,0.238,39,True,
2026-08-31T06:00:07.476352+00:00,ETH,2435.59,2027-06-25,0.816666,2513.19,0.09728229,0.26114795,-0.564196,-0.439497,0.728146,0.109,40,True,
2026-09-01T06:00:03.179897+00:00,BTC,79138.19,2026-09-01,0.000228,79140.56,,,,,,,0,False,expiry too near
2026-09-01T06:00:03.179897+00:00,BTC,79138.19,2026-09-02,0.002968,79157.5,,,,,,,0,False,expiry too near
2026-09-01T06:00:03.179897+00:00,BTC,79138.19,2026-09-03,0.005708,79169.92,,,,,,18.16,24,False,butterfly arbitrage in fit
2026-09-01T06:00:03.179897+00:00,BTC,79138.19,2026-09-04,0.008447,79181.13,,,,,,33.374,26,False,butterfly arbitrage in fit
2026-09-01T06:00:03.179897+00:00,BTC,79138.19,2026-09-11,0.027625,79230.25,,,,,,0.266,27,False,butterfly arbitrage in fit
2026-09-01T06:00:03.179897+00:00,BTC,79138.19,2026-09-18,0.046804,79294.29,,,,,,0.164,20,False,butterfly arbitrage in fit
2026-09-01T06:00:03.179897+00:00,BTC,79138.19,2026-09-25,0.065982,79335.62,-0.0258212,0.10552663,-0.203679,-0.067092,0.328257,0.352,45,True,
2026-09-01T06:00:03.179897+00:00,BTC,79138.19,2026-10-30,0.161872,79738.08,-0.08092074,0.17550392,-0.208324,-0.104581,0.593593,0.208,53,True,
2026-09-01T06:00:03.179897+00:00,BTC,79138.19,2026-11-27,0.238584,80060.2,,,,,,0.166,44,False,butterfly arbitrage in fit
2026-09-01T06:00:03.179897+00:00,BTC,79138.19,2026-12-25,0.315297,80392.47,-0.23874502,0.3114377,-0.351933,-0.332573,0.98074,1.08,59,True,
2026-09-01T06:00:03.179897+00:00,BTC,79138.19,2027-03-26,0.564612,81296.44,-0.19151587,0.29076546,-0.200165,-0.15103,0.994573,0.189,51,True,
2026-09-01T06:00:03.179897+00:00,BTC,79138.19,2027-06-25,0.813927,82298.77,-0.43346995,0.41401365,-0.194497,-0.214593,1.417112,0.054,50,True,
2026-09-01T06:00:08.243392+00:00,ETH,2483.14,2026-09-01,0.000228,2482.92,,,,,,,0,False,expiry too near
2026-09-01T06:00:08.243392+00:00,ETH,2483.14,2026-09-02,0.002968,2483.32,,,,,,,0,False,expiry too near
2026-09-01T06:00:08.243392+00:00,ETH,2483.14,2026-09-03,0.005708,2483.7,,,,,,38.712,29,False,butterfly arbitrage in fit
2026-09-01T06:00:08.243392+00:00,ETH,2483.14,2026-09-04,0.008447,2484.06,,,,,,24.21,23,False,butterfly arbitrage in fit
2026-09-01T06:00:08.243392+00:00,ETH,2483.14,2026-09-11,0.027625,2486.16,,,,,,0.559,19,False,butterfly arbitrage in fit
2026-09-01T06:00:08.243392+00:00,ETH,2483.14,2026-09-18,0.046803,2488.13,-0.11253939,0.17848997,-0.30065,-0.241475,0.722201,0.072,16,True,
2026-09-01T06:00:08.243392+00:00,ETH,2483.14,2026-09-25,0.065981,2491.31,-0.06443177,0.14242858,-0.296941,-0.18131,0.586551,0.747,35,True,
2026-09-01T06:00:08.243392+00:00,ETH,2483.14,2026-10-30,0.161872,2496.74,-0.01675345,0.13546234,-0.403726,-0.231265,0.459468,0.6,39,True,
2026-09-01T06:00:08.243392+00:00,ETH,2483.14,2026-11-27,0.238584,2502.53,,,,,,0.142,31,False,butterfly arbitrage in fit
2026-09-01T06:00:08.243392+00:00,ETH,2483.14,2026-12-25,0.315297,2507.13,-0.05521628,0.20949719,-0.391038,-0.293973,0.720474,0.81,44,True,
2026-09-01T06:00:08.243392+00:00,ETH,2483.14,2027-03-26,0.564612,2532.13,0.02871837,0.22767233,-0.484515,-0.349394,0.696202,0.155,39,True,
2026-09-01T06:00:08.243392+00:00,ETH,2483.14,2027-06-25,0.813927,2560.6,0.07576903,0.26643309,-0.520592,-0.428036,0.765847,0.102,40,True,
2026-09-02T06:00:05.335901+00:00,BTC,77632.0,2026-09-02,0.000228,77639.89,,,,,,,0,False,expiry too near
2026-09-02T06:00:05.335901+00:00,BTC,77632.0,2026-09-03,0.002968,77659.67,,,,,,,0,False,expiry too near
2026-09-02T06:00:05.335901+00:00,BTC,77632.0,2026-09-04,0.005708,77664.05,,,,,,37.089,22,False,butterfly arbitrage in fit
2026-09-02T06:00:05.335901+00:00,BTC,77632.0,2026-09-05,0.008447,77679.27,,,,,,36.169,29,False,butterfly arbitrage in fit
2026-09-02T06:00:05.335901+00:00,BTC,77632.0,2026-09-11,0.024886,77723.83,,,,,,12.473,27,False,butterfly arbitrage in fit
2026-09-02T06:00:05.335901+00:00,BTC,77632.0,2026-09-18,0.044064,77780.15,-0.17354334,0.21642096,0.020002,0.02837,0.826706,0.096,21,True,
2026-09-02T06:00:05.335901+00:00,BTC,77632.0,2026-09-25,0.063242,77819.72,-0.02783007,0.10607792,-0.133307,-0.038444,0.336751,0.685,44,True,
2026-09-02T06:00:05.335901+00:00,BTC,77632.0,2026-10-30,0.159132,78189.88,-0.07217287,0.17186278,-0.179924,-0.071825,0.548336,0.361,53,True,
2026-09-02T06:00:05.335901+00:00,BTC,77632.0,2026-11-27,0.235845,78491.71,-0.46520398,0.38208802,-0.203368,-0.231025,1.333084,0.075,44,True,
2026-09-02T06:00:05.335901+00:00,BTC,77632.0,2026-12-25,0.312557,78791.89,-0.27770546,0.31971214,-0.287916,-0.269887,1.058126,0.947,59,True,
2026-09-02T06:00:05.335901+00:00,BTC,77632.0,2027-03-26,0.561872,79684.38,-0.40813752,0.3719094,-0.131536,-0.110328,1.352025,0.1,51,True,
2026-09-02T06:00:05.335901+00:00,BTC,77632.0,2027-06-25,0.811187,80663.17,-0.43498609,0.40791769,-0.103157,-0.061516,1.415239,0.089,50,True,
2026-09-02T06:00:09.133456+00:00,ETH,2422.13,2026-09-02,0.000228,2422.45,,,,,,,0,False,expiry too near
2026-09-02T06:00:09.133456+00:00,ETH,2422.13,2026-09-03,0.002968,2422.69,,,,,,,0,False,expiry too near
2026-09-02T06:00:09.133456+00:00,ETH,2422.13,2026-09-04,0.005707,2422.97,,,,,,42.376,24,False,butterfly arbitrage in fit
2026-09-02T06:00:09.133456+00:00,ETH,2422.13,2026-09-05,0.008447,2423.29,,,,,,32.916,29,False,butterfly arbitrage in fit
2026-09-02T06:00:09.133456+00:00,ETH,2422.13,2026-09-11,0.024886,2425.02,-0.02192318,0.08576319,0.062241,0.040304,0.314424,0.366,19,True,
2026-09-02T06:00:09.133456+00:00,ETH,2422.13,2026-09-18,0.044064,2427.13,-0.03207001,0.10485206,-0.071477,-0.015931,0.400771,0.07,16,True,
2026-09-02T06:00:09.133456+00:00,ETH,2422.13,2026-09-25,0.063242,2430.16,-0.05107142,0.1322575,-0.205904,-0.08752,0.510398,0.628,38,True,
2026-09-02T06:00:09.133456+00:00,ETH,2422.13,2026-10-30,0.159132,2436.28,-0.00775773,0.12163225,-0.344775,-0.159839,0.415762,0.414,39,True,
2026-09-02T06:00:09.133456+00:00,ETH,2422.13,2026-11-27,0.235844,2442.48,,,,,,0.139,31,False,butterfly arbitrage in fit
2026-09-02T06:00:09.133456+00:00,ETH,2422.13,2026-12-25,0.312557,2447.47,-0.04046758,0.19706066,-0.358381,-0.230364,0.672349,0.715,43,True,
2026-09-02T06:00:09.133456+00:00,ETH,2422.13,2027-03-26,0.561872,2471.6,0.03899172,0.21788744,-0.48754,-0.314661,0.659654,0.189,39,True,
2026-09-02T06:00:09.133456+00:00,ETH,2422.13,2027-06-25,0.811187,2499.23,0.06947089,0.27175825,-0.523421,-0.416159,0.770304,0.134,40,True,
2026-09-03T06:00:02.738238+00:00,BTC,77791.53,2026-09-03,0.000228,77772.69,,,,,,,0,False,expiry too near
2026-09-03T06:00:02.738238+00:00,BTC,77791.53,2026-09-04,0.002968,77780.61,,,,,,,0,False,expiry too near
2026-09-03T06:00:02.738238+00:00,BTC,77791.53,2026-09-05,0.005708,77790.2,,,,,,17.292,24,False,butterfly arbitrage in fit
2026-09-03T06:00:02.738238+00:00,BTC,77791.53,2026-09-06,0.008447,77797.24,,,,,,30.493,25,False,butterfly arbitrage in fit
2026-09-03T06:00:02.738238+00:00,BTC,77791.53,2026-09-11,0.022146,77822.82,,,,,,15.292,27,False,butterfly arbitrage in fit
2026-09-03T06:00:02.738238+00:00,BTC,77791.53,2026-09-18,0.041324,77870.67,-0.05691042,0.13188641,0.063206,0.035679,0.467506,0.094,21,True,
2026-09-03T06:00:02.738238+00:00,BTC,77791.53,2026-09-25,0.060502,77914.1,-0.02961901,0.11106787,-0.139293,-0.044282,0.331365,0.832,44,True,
2026-09-03T06:00:02.738238+00:00,BTC,77791.53,2026-10-30,0.156393,78281.6,-0.09744937,0.19222851,-0.105247,-0.03613,0.613848,0.173,53,True,
2026-09-03T06:00:02.738238+00:00,BTC,77791.53,2026-11-27,0.233105,78586.01,-0.38242045,0.3526409,-0.173705,-0.171377,1.195177,0.047,44,True,
2026-09-03T06:00:02.738238+00:00,BTC,77791.53,2026-12-25,0.309817,78892.1,-0.20374795,0.28665444,-0.253522,-0.192193,0.897307,0.953,59,True,
2026-09-03T06:00:02.738238+00:00,BTC,77791.53,2027-03-26,0.559132,79805.88,-0.2104786,0.29806036,-0.131605,-0.070882,1.012594,0.137,51,True,
2026-09-03T06:00:02.738238+00:00,BTC,77791.53,2027-06-25,0.808447,80804.64,-0.45076695,0.41570701,-0.11111,-0.077676,1.424595,0.066,50,True,
2026-09-03T06:00:06.730133+00:00,ETH,2404.82,2026-09-03,0.000228,2405.44,,,,,,,0,False,expiry too near
2026-09-03T06:00:06.730133+00:00,ETH,2404.82,2026-09-04,0.002968,2405.83,,,,,,,0,False,expiry too near
2026-09-03T06:00:06.730133+00:00,ETH,2404.82,2026-09-05,0.005708,2406.26,,,,,,30.422,29,False,butterfly arbitrage in fit
2026-09-03T06:00:06.730133+00:00,ETH,2404.82,2026-09-06,0.008447,2406.47,,,,,,28.663,26,False,butterfly arbitrage in fit
2026-09-03T06:00:06.730133+00:00,ETH,2404.82,2026-09-11,0.022146,2407.97,-0.01585825,0.07386912,-0.025991,0.008908,0.271143,0.501,19,True,
2026-09-03T06:00:06.730133+00:00,ETH,2404.82,2026-09-18,0.041324,2409.62,-0.03312388,0.10454348,-0.076868,-0.017811,0.40318,0.139,17,True,
2026-09-03T06:00:06.730133+00:00,ETH,2404.82,2026-09-25,0.060502,2412.29,-0.04533178,0.12543018,-0.189764,-0.073103,0.479675,0.664,37,True,
2026-09-03T06:00:06.730133+00:00,ETH,2404.82,2026-10-30,0.156392,2418.06,-0.06018593,0.16386962,-0.29077,-0.165719,0.627616,0.582,39,True,
2026-09-03T06:00:06.730133+00:00,ETH,2404.82,2026-11-27,0.233105,2424.64,-0.1192313,0.28493163,-0.519185,-0.42729,0.735521,0.084,32,True,
2026-09-03T06:00:06.730133+00:00,ETH,2404.82,2026-12-25,0.309817,2429.46,-0.06636993,0.21167915,-0.336382,-0.222543,0.741678,0.384,43,True,
2026-09-03T06:00:06.730133+00:00,ETH,2404.82,2027-03-26,0.559132,2453.7,0.01788639,0.23734488,-0.500163,-0.348325,0.705749,0.205,39,True,
2026-09-03T06:00:06.730133+00:00,ETH,2404.82,2027-06-25,0.808447,2481.41,0.07210178,0.26075275,-0.507657,-0.391133,0.77725,0.12,40,True,
2026-09-04T06:00:03.205889+00:00,BTC,80982.99,2026-09-04,0.000228,80975.44,,,,,,,0,False,expiry too near
2026-09-04T06:00:03.205889+00:00,BTC,80982.99,2026-09-05,0.002968,80964.86,,,,,,,0,False,expiry too near
2026-09-04T06:00:03.205889+00:00,BTC,80982.99,2026-09-06,0.005708,80971.21,,,,,,43.313,30,False,butterfly arbitrage in fit
2026-09-04T06:00:03.205889+00:00,BTC,80982.99,2026-09-07,0.008447,80979.72,,,,,,33.866,32,False,butterfly arbitrage in fit
2026-09-04T06:00:03.205889+00:00,BTC,80982.99,2026-09-11,0.019406,80996.55,,,,,,18.677,26,False,butterfly arbitrage in fit
2026-09-04T06:00:03.205889+00:00,BTC,80982.99,2026-09-18,0.038584,81038.73,-0.02361759,0.10007197,-0.418967,-0.176085,0.31711,0.171,21,True,
2026-09-04T06:00:03.205889+00:00,BTC,80982.99,2026-09-25,0.057762,81062.94,-0.02379012,0.09485289,-0.202992,-0.097911,0.336899,0.492,43,True,
2026-09-04T06:00:03.205889+00:00,BTC,80982.99,2026-10-30,0.153653,81440.88,-0.02211797,0.12408953,-0.286531,-0.119227,0.364757,0.21,53,True,
2026-09-04T06:00:03.205889+00:00,BTC,80982.99,2026-11-27,0.230365,81760.45,,,,,,0.082,45,False,butterfly arbitrage in fit
2026-09-04T06:00:03.205889+00:00,BTC,80982.99,2026-12-25,0.307078,82075.7,-0.17712159,0.27548601,-0.327052,-0.27509,0.861569,0.654,59,True,
2026-09-04T06:00:03.205889+00:00,BTC,80982.99,2027-03-26,0.556393,82970.99,-0.22678579,0.31072702,-0.214645,-0.184725,1.047084,0.191,51,True,
2026-09-04T06:00:03.205889+00:00,BTC,80982.99,2027-06-25,0.805708,83952.17,-0.40649497,0.40968456,-0.208885,-0.227395,1.36423,0.06,50,True,
2026-09-04T06:00:07.677246+00:00,ETH,2508.44,2026-09-04,0.000228,2508.06,,,,,,,0,False,expiry too near
2026-09-04T06:00:07.677246+00:00,ETH,2508.44,2026-09-05,0.002968,2508.19,,,,,,,0,False,expiry too near
2026-09-04T06:00:07.677246+00:00,ETH,2508.44,2026-09-06,0.005708,2508.64,,,,,,42.819,30,False,butterfly arbitrage in fit
2026-09-04T06:00:07.677246+00:00,ETH,2508.44,2026-09-07,0.008447,2509.09,,,,,,31.8,31,False,butterfly arbitrage in fit
2026-09-04T06:00:07.677246+00:00,ETH,2508.44,2026-09-11,0.019406,2509.95,-0.00389721,0.0550349,-0.340173,-0.076474,0.156549,0.512,19,True,
2026-09-04T06:00:07.677246+00:00,ETH,2508.44,2026-09-18,0.038584,2512.25,-0.01883487,0.09717153,-0.369978,-0.148525,0.311456,0.096,17,True,
2026-09-04T06:00:07.677246+00:00,ETH,2508.44,2026-09-25,0.057762,2514.47,-0.01955566,0.09864584,-0.267492,-0.115821,0.355763,0.517,39,True,
2026-09-04T06:00:07.677246+00:00,ETH,2508.44,2026-10-30,0.153653,2520.28,-0.02158948,0.13934683,-0.308186,-0.159136,0.470549,1.042,39,True,
2026-09-04T06:00:07.677246+00:00,ETH,2508.44,2026-11-27,0.230365,2527.09,-0.02438598,0.17808109,-0.380882,-0.218651,0.533008,0.103,32,True,
2026-09-04T06:00:07.677246+00:00,ETH,2508.44,2026-12-25,0.307077,2532.54,-0.03753233,0.19784343,-0.35749,-0.228318,0.665389,0.636,44,True,
2026-09-04T06:00:07.677246+00:00,ETH,2508.44,2027-03-26,0.556392,2557.53,0.00650531,0.24589217,-0.478788,-0.355735,0.741655,0.249,39,True,
2026-09-04T06:00:07.677246+00:00,ETH,2508.44,2027-06-25,0.805708,2585.8,0.09068507,0.25872354,-0.502618,-0.377473,0.711838,0.101,40,True,
2026-09-05T06:00:02.625770+00:00,BTC,79600.49,2026-09-05,0.000228,79573.98,,,,,,,0,False,expiry too near
2026-09-05T06:00:02.625770+00:00,BTC,79600.49,2026-09-06,0.002968,79563.22,,,,,,,0,False,expiry too near
2026-09-05T06:00:02.625770+00:00,BTC,79600.49,2026-09-07,0.005708,79570.22,-0.00285855,0.03067713,-0.332332,-0.04257,0.109042,0.361,19,True,
2026-09-05T06:00:02.625770+00:00,BTC,79600.49,2026-09-08,0.008447,79574.03,-0.00116568,0.02528411,-0.297538,-0.03145,0.072181,0.596,22,True,
2026-09-05T06:00:02.625770+00:00,BTC,79600.49,2026-09-11,0.016667,79582.91,,,,,,24.369,21,False,butterfly arbitrage in fit
2026-09-05T06:00:02.625770+00:00,BTC,79600.49,2026-09-18,0.035845,79623.21,-0.00733102,0.05479803,-0.153747,-0.045865,0.216152,0.186,21,True,
2026-09-05T06:00:02.625770+00:00,BTC,79600.49,2026-09-25,0.055023,79665.9,-0.01185667,0.07303966,-0.142998,-0.046852,0.257667,0.644,43,True,
2026-09-05T06:00:02.625770+00:00,BTC,79600.49,2026-10-30,0.150913,79993.56,-0.01389379,0.11353935,-0.318191,-0.113817,0.319091,0.184,53,True,
2026-09-05T06:00:02.625770+00:00,BTC,79600.49,2026-11-27,0.227625,80318.45,-0.10073542,0.25383729,-0.498526,-0.344613,0.609897,0.077,45,True,
2026-09-05T06:00:02.625770+00:00,BTC,79600.49,2026-12-25,0.304338,80651.25,-0.15535898,0.26186977,-0.327018,-0.25399,0.813898,0.552,59,True,
2026-09-05T06:00:02.625770+00:00,BTC,79600.49,2027-03-26,0.553653,81575.24,-0.21981034,0.3066662,-0.230929,-0.203529,1.036907,0.138,51,True,
2026-09-05T06:00:02.625770+00:00,BTC,79600.49,2027-06-25,0.802968,82509.11,-0.48416573,0.44683557,-0.293917,-0.390609,1.458093,0.131,50,True,
2026-09-05T06:00:05.681790+00:00,ETH,2451.47,2026-09-05,0.000228,2451.86,,,,,,,0,False,expiry too near
2026-09-05T06:00:05.681790+00:00,ETH,2451.47,2026-09-06,0.002968,2451.78,,,,,,,0,False,expiry too near
2026-09-05T06:00:05.681790+00:00,ETH,2451.47,2026-09-07,0.005708,2452.11,,,,,,17.134,20,False,butterfly arbitrage in fit
2026-09-05T06:00:05.681790+00:00,ETH,2451.47,2026-09-08,0.008447,2452.37,,,,,,16.296,24,False,butterfly arbitrage in fit
2026-09-05T06:00:05.681790+00:00,ETH,2451.47,2026-09-11,0.016666,2452.88,,,,,,16.189,21,False,butterfly arbitrage in fit
2026-09-05T06:00:05.681790+00:00,ETH,2451.47,2026-09-18,0.035845,2454.61,-0.05452623,0.13983814,-0.329809,-0.176864,0.469493,0.172,17,True,
2026-09-05T06:00:05.681790+00:00,ETH,2451.47,2026-09-25,0.055023,2456.13,-0.02685053,0.1039947,-0.22554,-0.101859,0.38712,0.874,42,True,
2026-09-05T06:00:05.681790+00:00,ETH,2451.47,2026-10-30,0.150913,2461.12,-0.00683472,0.12228407,-0.323453,-0.15632,0.388317,0.761,39,True,
2026-09-05T06:00:05.681790+00:00,ETH,2451.47,2026-11-27,0.227625,2468.2,0.00299312,0.14333026,-0.331989,-0.164884,0.42714,0.136,32,True,
2026-09-05T06:00:05.681790+00:00,ETH,2451.47,2026-12-25,0.304338,2474.38,-0.00767523,0.17764183,-0.374336,-0.222519,0.551287,1.027,44,True,
2026-09-05T06:00:05.681790+00:00,ETH,2451.47,2027-03-26,0.553653,2499.11,0.0299761,0.22957816,-0.476833,-0.32538,0.663174,0.176,39,True,
2026-09-05T06:00:05.681790+00:00,ETH,2451.47,2027-06-25,0.802968,2527.17,0.04066678,0.28909668,-0.502755,-0.428924,0.824768,0.153,40,True,
2026-09-06T06:00:03.800057+00:00,BTC,79991.93,2026-09-06,0.000228,79979.61,,,,,,,0,False,expiry too near
2026-09-06T06:00:03.800057+00:00,BTC,79991.93,2026-09-07,0.002968,79977.04,,,,,,,0,False,expiry too near
2026-09-06T06:00:03.800057+00:00,BTC,79991.93,2026-09-08,0.005708,79982.29,,,,,,0.633,21,False,butterfly arbitrage in fit
2026-09-06T06:00:03.800057+00:00,BTC,79991.93,2026-09-09,0.008447,79988.03,,,,,,18.22,25,False,butterfly arbitrage in fit
2026-09-06T06:00:03.800057+00:00,BTC,79991.93,2026-09-11,0.013927,79993.85,-0.0078852,0.09953252,-0.399546,-0.009893,0.099927,25.076,22,True,
2026-09-06T06:00:03.800057+00:00,BTC,79991.93,2026-09-18,0.033105,80055.72,-0.01242102,0.07594813,-0.398672,-0.129913,0.244259,0.25,21,True,
2026-09-06T06:00:03.800057+00:00,BTC,79991.93,2026-09-25,0.052283,80097.65,-0.02658555,0.09723501,-0.257747,-0.114997,0.358686,0.787,44,True,
2026-09-06T06:00:03.800057+00:00,BTC,79991.93,2026-10-30,0.148173,80435.91,-0.02465845,0.12686366,-0.295036,-0.123827,0.375378,0.208,53,True,
2026-09-06T06:00:03.800057+00:00,BTC,79991.93,2026-11-27,0.224886,80755.57,-0.07479805,0.19320174,-0.352221,-0.218025,0.601606,0.069,45,True,
2026-09-06T06:00:03.800057+00:00,BTC,79991.93,2026-12-25,0.301598,81071.03,-0.16769667,0.26876741,-0.323071,-0.260916,0.841611,0.588,59,True,
2026-09-06T06:00:03.800057+00:00,BTC,79991.93,2027-03-26,0.550913,81988.95,-0.15802832,0.27898026,-0.240225,-0.186171,0.915166,0.176,51,True,
2026-09-06T06:00:03.800057+00:00,BTC,79991.93,2027-06-25,0.800228,82929.85,-0.30852614,0.38129107,-0.259081,-0.265172,1.214918,0.11,50,True,
2026-09-06T06:00:06.369644+00:00,ETH,2513.04,2026-09-06,0.000228,2512.49,,,,,,,0,False,expiry too near
2026-09-06T06:00:06.369644+00:00,ETH,2513.04,2026-09-07,0.002968,2512.72,,,,,,,0,False,expiry too near
2026-09-06T06:00:06.369644+00:00,ETH,2513.04,2026-09-08,0.005708,2513.02,,,,,,40.314,29,False,butterfly arbitrage in fit
2026-09-06T06:00:06.369644+00:00,ETH,2513.04,2026-09-09,0.008447,2513.07,,,,,,30.646,27,False,butterfly arbitrage in fit
2026-09-06T06:00:06.369644+00:00,ETH,2513.04,2026-09-11,0.013927,2513.6,,,,,,15.872,21,False,butterfly arbitrage in fit
2026-09-06T06:00:06.369644+00:00,ETH,2513.04,2026-09-18,0.033105,2515.86,-0.03659689,0.1115362,-0.136246,-0.088061,0.401148,0.229,17,True,
2026-09-06T06:00:06.369644+00:00,ETH,2513.04,2026-09-25,0.052283,2518.02,-0.02802258,0.1103568,-0.228674,-0.117109,0.379021,0.573,44,True,
2026-09-06T06:00:06.369644+00:00,ETH,2513.04,2026-10-30,0.148173,2523.32,-0.03395024,0.14909868,-0.254064,-0.16087,0.503992,0.764,39,True,
2026-09-06T06:00:06.369644+00:00,ETH,2513.04,2026-11-27,0.224886,2530.65,-0.11018185,0.24633836,-0.378827,-0.320996,0.752499,0.088,32,True,
2026-09-06T06:00:06.369644+00:00,ETH,2513.04,2026-12-25,0.301598,2536.93,-0.04132745,0.19924129,-0.32613,-0.223211,0.661717,0.412,44,True,
2026-09-06T06:00:06.369644+00:00,ETH,2513.04,2027-03-26,0.550913,2563.26,0.01011127,0.24627327,-0.474966,-0.358303,0.709242,0.167,39,True,
2026-09-06T06:00:06.369644+00:00,ETH,2513.04,2027-06-25,0.800228,2592.15,0.05828779,0.28352799,-0.519613,-0.437398,0.778016,0.114,40,True,
2026-09-07T06:00:03.873093+00:00,BTC,79741.03,2026-09-07,0.000228,79731.14,,,,,,,0,False,expiry too near
2026-09-07T06:00:03.873093+00:00,BTC,79741.03,2026-09-08,0.002968,79727.4,,,,,,,0,False,expiry too near
2026-09-07T06:00:03.873093+00:00,BTC,79741.03,2026-09-09,0.005708,79735.51,,,,,,21.652,22,False,butterfly arbitrage in fit
2026-09-07T06:00:03.873093+00:00,BTC,79741.03,2026-09-10,0.008447,79741.56,,,,,,18.525,25,False,butterfly arbitrage in fit
2026-09-07T06:00:03.873093+00:00,BTC,79741.03,2026-09-11,0.011187,79742.41,,,,,,32.64,22,False,butterfly arbitrage in fit
2026-09-07T06:00:03.873093+00:00,BTC,79741.03,2026-09-18,0.030365,79804.36,,,,,,0.29,21,False,butterfly arbitrage in fit
2026-09-07T06:00:03.873093+00:00,BTC,79741.03,2026-09-25,0.049543,79850.85,-0.01204143,0.07668204,-0.290646,-0.094755,0.256508,0.996,42,True,
2026-09-07T06:00:03.873093+00:00,BTC,79741.03,2026-10-30,0.145434,80201.89,-0.00788165,0.10547496,-0.376641,-0.129796,0.288393,0.171,53,True,
2026-09-07T06:00:03.873093+00:00,BTC,79741.03,2026-11-27,0.222146,80518.11,,,,,,0.103,45,False,butterfly arbitrage in fit
2026-09-07T06:00:03.873093+00:00,BTC,79741.03,2026-12-25,0.298858,80837.4,-0.26040773,0.30829122,-0.285647,-0.266768,1.035354,0.754,59,True,
2026-09-07T06:00:03.873093+00:00,BTC,79741.03,2027-03-26,0.548173,81759.08,-0.5344765,0.43247498,-0.250933,-0.331831,1.488304,0.212,51,True,
2026-09-07T06:00:03.873093+00:00,BTC,79741.03,2027-06-25,0.797488,82726.72,-0.41541799,0.40807878,-0.221386,-0.247434,1.387504,0.073,50,True,
2026-09-07T06:00:06.465370+00:00,ETH,2504.66,2026-09-07,0.000228,2504.36,,,,,,,0,False,expiry too near
2026-09-07T06:00:06.465370+00:00,ETH,2504.66,2026-09-08,0.002968,2504.5,,,,,,,0,False,expiry too near
2026-09-07T06:00:06.465370+00:00,ETH,2504.66,2026-09-09,0.005708,2504.83,,,,,,37.406,27,False,butterfly arbitrage in fit
2026-09-07T06:00:06.465370+00:00,ETH,2504.66,2026-09-10,0.008447,2505.09,-0.00776762,0.09872885,-0.155621,-0.017945,0.099453,17.03,27,True,
2026-09-07T06:00:06.465370+00:00,ETH,2504.66,2026-09-11,0.011187,2505.31,-0.00151266,0.04019824,-0.176142,-0.037273,0.095109,0.236,21,True,
2026-09-07T06:00:06.465370+00:00,ETH,2504.66,2026-09-18,0.030365,2507.54,-0.00753544,0.0689591,-0.154207,-0.063183,0.218747,0.086,17,True,
2026-09-07T06:00:06.465370+00:00,ETH,2504.66,2026-09-25,0.049543,2509.8,-0.01576538,0.09186262,-0.196701,-0.090738,0.311089,0.57,44,True,
2026-09-07T06:00:06.465370+00:00,ETH,2504.66,2026-10-30,0.145434,2516.08,-0.01090396,0.12650001,-0.2202,-0.124196,0.396053,0.398,39,True,
2026-09-07T06:00:06.465370+00:00,ETH,2504.66,2026-11-27,0.222146,2523.52,-0.04626476,0.19383217,-0.326502,-0.22218,0.584328,0.135,32,True,
2026-09-07T06:00:06.465370+00:00,ETH,2504.66,2026-12-25,0.298858,2529.82,-0.03390637,0.19344792,-0.300796,-0.201263,0.631381,0.491,44,True,
2026-09-07T06:00:06.465370+00:00,ETH,2504.66,2027-03-26,0.548173,2555.44,-0.01368947,0.25804961,-0.452874,-0.362445,0.770649,0.125,39,True,
2026-09-07T06:00:06.465370+00:00,ETH,2504.66,2027-06-25,0.797488,2583.91,0.0752149,0.26943175,-0.509145,-0.404522,0.739459,0.085,40,True,
2026-09-08T06:00:02.554737+00:00,BTC,78563.12,2026-09-08,0.000228,78550.79,,,,,,,0,False,expiry too near
2026-09-08T06:00:02.554737+00:00,BTC,78563.12,2026-09-09,0.002968,78552.97,,,,,,,0,False,expiry too near
2026-09-08T06:00:02.554737+00:00,BTC,78563.12,2026-09-10,0.005708,78560.29,,,,,,21.88,21,False,butterfly arbitrage in fit
2026-09-08T06:00:02.554737+00:00,BTC,78563.12,2026-09-11,0.008447,78568.66,,,,,,33.659,23,False,butterfly arbitrage in fit
2026-09-08T06:00:02.554737+00:00,BTC,78563.12,2026-09-18,0.027625,78619.08,,,,,,0.244,21,False,butterfly arbitrage in fit
2026-09-08T06:00:02.554737+00:00,BTC,78563.12,2026-09-25,0.046804,78663.84,-0.0289312,0.0979336,-0.244282,-0.094758,0.370669,1.051,42,True,
2026-09-08T06:00:02.554737+00:00,BTC,78563.12,2026-10-30,0.142694,78989.88,-0.01731411,0.11559894,-0.344562,-0.122041,0.343692,0.203,53,True,
2026-09-08T06:00:02.554737+00:00,BTC,78563.12,2026-11-27,0.219406,79291.58,,,,,,0.078,45,False,butterfly arbitrage in fit
2026-09-08T06:00:02.554737+00:00,BTC,78563.12,2026-12-25,0.296119,79623.85,-0.21522496,0.28646541,-0.311119,-0.267523,0.957409,0.613,59,True,
2026-09-08T06:00:02.554737+00:00,BTC,78563.12,2027-03-26,0.545434,80585.58,-0.33202602,0.34909636,-0.188922,-0.177178,1.225152,0.183,51,True,
2026-09-08T06:00:02.554737+00:00,BTC,78563.12,2027-06-25,0.794749,81605.85,-0.68853509,0.49405318,-0.225254,-0.320278,1.71425,0.062,50,True,
2026-09-08T06:00:05.528978+00:00,ETH,2472.73,2026-09-08,0.000228,2472.87,,,,,,,0,False,expiry too near
2026-09-08T06:00:05.528978+00:00,ETH,2472.73,2026-09-09,0.002968,2473.21,,,,,,,0,False,expiry too near
2026-09-08T06:00:05.528978+00:00,ETH,2472.73,2026-09-10,0.005708,2473.49,,,,,,32.616,27,False,butterfly arbitrage in fit
2026-09-08T06:00:05.528978+00:00,ETH,2472.73,2026-09-11,0.008447,2473.77,,,,,,20.466,26,False,butterfly arbitrage in fit
2026-09-08T06:00:05.528978+00:00,ETH,2472.73,2026-09-18,0.027625,2475.77,-0.00691164,0.06445127,-0.158871,-0.052487,0.212939,0.1,17,True,
2026-09-08T06:00:05.528978+00:00,ETH,2472.73,2026-09-25,0.046803,2477.99,-0.01365457,0.08575791,-0.155157,-0.067159,0.296511,0.505,42,True,
2026-09-08T06:00:05.528978+00:00,ETH,2472.73,2026-10-30,0.142694,2484.07,-0.03486781,0.14614599,-0.205768,-0.131135,0.503653,0.594,39,True,
2026-09-08T06:00:05.528978+00:00,ETH,2472.73,2026-11-27,0.219406,2491.52,-0.01988962,0.16410499,-0.243854,-0.135484,0.499731,0.128,32,True,
2026-09-08T06:00:05.528978+00:00,ETH,2472.73,2026-12-25,0.296119,2498.23,-0.04891821,0.19806089,-0.248398,-0.162248,0.680731,0.617,44,True,
2026-09-08T06:00:05.528978+00:00,ETH,2472.73,2027-03-26,0.545434,2523.11,-0.02806668,0.26029255,-0.419314,-0.336913,0.805651,0.139,39,True,
2026-09-08T06:00:05.528978+00:00,ETH,2472.73,2027-06-25,0.794749,2550.55,0.0605526,0.27341385,-0.49498,-0.398843,0.778051,0.116,40,True,
2026-09-09T06:00:03.146706+00:00,BTC,78927.02,2026-09-09,0.000228,78921.78,,,,,,,0,False,expiry too near
2026-09-09T06:00:03.146706+00:00,BTC,78927.02,2026-09-10,0.002968,78932.88,,,,,,,0,False,expiry too near
2026-09-09T06:00:03.146706+00:00,BTC,78927.02,2026-09-11,0.005708,78945.94,,,,,,0.334,20,False,butterfly arbitrage in fit
2026-09-09T06:00:03.146706+00:00,BTC,78927.02,2026-09-12,0.008447,78955.79,0.0005445,0.01714463,-0.070088,-0.033136,0.056455,0.368,26,True,
2026-09-09T06:00:03.146706+00:00,BTC,78927.02,2026-09-18,0.024886,79002.68,-0.00717737,0.05436176,-0.219136,-0.071884,0.212472,0.192,21,True,
2026-09-09T06:00:03.146706+00:00,BTC,78927.02,2026-09-25,0.044064,79050.42,-0.00789771,0.06623153,-0.20453,-0.064337,0.224421,0.565,41,True,
2026-09-09T06:00:03.146706+00:00,BTC,78927.02,2026-10-30,0.139954,79382.33,-0.00641579,0.10640712,-0.379982,-0.122633,0.273052,0.236,53,True,
2026-09-09T06:00:03.146706+00:00,BTC,78927.02,2026-11-27,0.216667,79687.79,,,,,,0.078,45,False,butterfly arbitrage in fit
2026-09-09T06:00:03.146706+00:00,BTC,78927.02,2026-12-25,0.293379,80002.46,-0.16628648,0.2655237,-0.319741,-0.251963,0.84565,0.617,59,True,
2026-09-09T06:00:03.146706+00:00,BTC,78927.02,2027-03-26,0.542694,80953.91,-0.18822251,0.29618481,-0.240757,-0.189588,0.963165,0.182,51,True,
2026-09-09T06:00:03.146706+00:00,BTC,78927.02,2027-06-25,0.792009,81967.62,-0.21167966,0.33001343,-0.209558,-0.162901,1.080647,0.075,50,True,
2026-09-09T06:00:07.256896+00:00,ETH,2496.07,2026-09-09,0.000228,2495.81,,,,,,,0,False,expiry too near
2026-09-09T06:00:07.256896+00:00,ETH,2496.07,2026-09-10,0.002968,2496.07,,,,,,,0,False,expiry too near
2026-09-09T06:00:07.256896+00:00,ETH,2496.07,2026-09-11,0.005708,2496.41,,,,,,40.112,24,False,butterfly arbitrage in fit
2026-09-09T06:00:07.256896+00:00,ETH,2496.07,2026-09-12,0.008447,2496.82,,,,,,14.351,26,False,butterfly arbitrage in fit
2026-09-09T06:00:07.256896+00:00,ETH,2496.07,2026-09-18,0.024886,2498.53,-0.01019652,0.07135813,-0.144495,-0.059351,0.235279,0.086,17,True,
2026-09-09T06:00:07.256896+00:00,ETH,2496.07,2026-09-25,0.044064,2500.87,-0.01469722,0.08852536,-0.113086,-0.057173,0.294871,0.473,43,True,
2026-09-09T06:00:07.256896+00:00,ETH,2496.07,2026-10-30,0.139954,2507.52,-0.03490656,0.14655083,-0.230501,-0.133299,0.507415,0.716,39,True,
2026-09-09T06:00:07.256896+00:00,ETH,2496.07,2026-11-27,0.216666,2514.7,-0.03048556,0.17726166,-0.333882,-0.196328,0.542717,0.219,32,True,
2026-09-09T06:00:07.256896+00:00,ETH,2496.07,2026-12-25,0.293379,2521.47,-0.06891472,0.2124878,-0.262618,-0.17946,0.735366,0.749,44,True,
2026-09-09T06:00:07.256896+00:00,ETH,2496.07,2027-03-26,0.542694,2546.85,0.00742635,0.24162519,-0.44617,-0.319087,0.71648,0.09,39,True,
2026-09-09T06:00:07.256896+00:00,ETH,2496.07,2027-06-25,0.792009,2574.43,0.03413926,0.29419962,-0.496969,-0.426089,0.826692,0.149,40,True,
2026-09-11T06:00:03.663076+00:00,BTC,77228.3,2026-09-11,0.000228,77228.97,,,,,,,0,False,expiry too near
2026-09-11T06:00:03.663076+00:00,BTC,77228.3,2026-09-12,0.002968,77229.79,,,,,,,0,False,expiry too near
2026-09-11T06:00:03.663076+00:00,BTC,77228.3,2026-09-13,0.005708,77236.36,,,,,,16.433,25,False,butterfly arbitrage in fit
2026-09-11T06:00:03.663076+00:00,BTC,77228.3,2026-09-14,0.008447,77244.76,,,,,,24.367,26,False,butterfly arbitrage in fit
2026-09-11T06:00:03.663076+00:00,BTC,77228.3,2026-09-18,0.019406,77279.95,,,,,,0.482,21,False,butterfly arbitrage in fit
2026-09-11T06:00:03.663076+00:00,BTC,77228.3,2026-09-25,0.038584,77328.03,-0.048526,0.11337762,0.081307,0.061087,0.477461,0.588,41,True,
2026-09-11T06:00:03.663076+00:00,BTC,77228.3,2026-10-02,0.057762,77390.29,,,,,,0.143,17,False,butterfly arbitrage in fit
2026-09-11T06:00:03.663076+00:00,BTC,77228.3,2026-10-30,0.134475,77657.07,-0.03159958,0.131301,-0.349078,-0.121504,0.408485,0.454,53,True,
2026-09-11T06:00:03.663076+00:00,BTC,77228.3,2026-11-27,0.211187,77953.78,,,,,,0.121,45,False,butterfly arbitrage in fit
2026-09-11T06:00:03.663076+00:00,BTC,77228.3,2026-12-25,0.287899,78262.25,-0.21121099,0.29002305,-0.326071,-0.265459,0.931678,0.632,59,True,
2026-09-11T06:00:03.663076+00:00,BTC,77228.3,2027-03-26,0.537214,79187.16,-0.27314237,0.33370963,-0.243556,-0.198849,1.108862,0.101,51,True,
2026-09-11T06:00:03.663076+00:00,BTC,77228.3,2027-06-25,0.78653,80185.41,-0.30007402,0.36892447,-0.204065,-0.149839,1.195113,0.058,50,True,
2026-09-11T06:00:08.287224+00:00,ETH,2467.76,2026-09-11,0.000228,2468.02,,,,,,,0,False,expiry too near
2026-09-11T06:00:08.287224+00:00,ETH,2467.76,2026-09-12,0.002968,2468.35,,,,,,,0,False,expiry too near
2026-09-11T06:00:08.287224+00:00,ETH,2467.76,2026-09-13,0.005707,2468.68,,,,,,31.531,27,False,butterfly arbitrage in fit
2026-09-11T06:00:08.287224+00:00,ETH,2467.76,2026-09-14,0.008447,2469.01,,,,,,26.06,28,False,butterfly arbitrage in fit
2026-09-11T06:00:08.287224+00:00,ETH,2467.76,2026-09-18,0.019406,2470.12,-0.00702618,0.0647843,-0.290831,-0.062571,0.195902,0.178,17,True,
2026-09-11T06:00:08.287224+00:00,ETH,2467.76,2026-09-25,0.038584,2472.35,-0.0139857,0.08355111,-0.193237,-0.054854,0.291144,0.875,41,True,
2026-09-11T06:00:08.287224+00:00,ETH,2467.76,2026-10-02,0.057762,2473.81,-0.15855492,0.22414789,-0.294868,-0.246543,0.80965,0.041,13,True,
2026-09-11T06:00:08.287224+00:00,ETH,2467.76,2026-10-30,0.134475,2479.26,-0.07799678,0.17506655,-0.193169,-0.117114,0.660337,1.153,39,True,
2026-09-11T06:00:08.287224+00:00,ETH,2467.76,2026-11-27,0.211187,2486.05,-0.06327167,0.21006466,-0.390172,-0.256388,0.631376,0.135,32,True,
2026-09-11T06:00:08.287224+00:00,ETH,2467.76,2026-12-25,0.287899,2493.08,-0.10849744,0.23835686,-0.332344,-0.26451,0.84234,0.741,44,True,
2026-09-11T06:00:08.287224+00:00,ETH,2467.76,2027-03-26,0.537214,2516.23,0.01033603,0.24043746,-0.469766,-0.316964,0.706663,0.181,39,True,
2026-09-11T06:00:08.287224+00:00,ETH,2467.76,2027-06-25,0.786529,2544.04,0.03311619,0.29482671,-0.53062,-0.444044,0.835404,0.118,40,True,
2026-09-12T06:00:03.586707+00:00,BTC,77203.65,2026-09-12,0.000228,77200.13,,,,,,,0,False,expiry too near
2026-09-12T06:00:03.586707+00:00,BTC,77203.65,2026-09-13,0.002968,77197.18,,,,,,,0,False,expiry too near
2026-09-12T06:00:03.586707+00:00,BTC,77203.65,2026-09-14,0.005708,77205.72,,,,,,0.398,17,False,butterfly arbitrage in fit
2026-09-12T06:00:03.586707+00:00,BTC,77203.65,2026-09-15,0.008447,77215.28,,,,,,12.102,22,False,butterfly arbitrage in fit
2026-09-12T06:00:03.586707+00:00,BTC,77203.65,2026-09-18,0.016667,77243.42,,,,,,19.998,21,False,butterfly arbitrage in fit
2026-09-12T06:00:03.586707+00:00,BTC,77203.65,2026-09-25,0.035845,77290.53,-0.04452376,0.11115662,-0.092903,-0.035527,0.439499,0.682,39,True,
2026-09-12T06:00:03.586707+00:00,BTC,77203.65,2026-10-02,0.055023,77352.07,,,,,,0.131,18,False,butterfly arbitrage in fit
2026-09-12T06:00:03.586707+00:00,BTC,77203.65,2026-10-30,0.131735,77631.58,-0.02321874,0.11952873,-0.357961,-0.122997,0.360475,0.386,53,True,
2026-09-12T06:00:03.586707+00:00,BTC,77203.65,2026-11-27,0.208447,77932.05,,,,,,0.155,45,False,butterfly arbitrage in fit
2026-09-12T06:00:03.586707+00:00,BTC,77203.65,2026-12-25,0.28516,78254.78,-0.16068906,0.26195619,-0.353181,-0.271538,0.825434,0.894,59,True,
2026-09-12T06:00:03.586707+00:00,BTC,77203.65,2027-03-26,0.534475,79177.43,-0.20821988,0.29924349,-0.235587,-0.173974,1.000644,0.094,51,True,
2026-09-12T06:00:03.586707+00:00,BTC,77203.65,2027-06-25,0.78379,80188.33,-0.62879626,0.48013693,-0.231766,-0.291455,1.62233,0.078,50,True,
2026-09-12T06:00:08.604465+00:00,ETH,2511.76,2026-09-12,0.000228,2511.53,,,,,,,0,False,expiry too near
2026-09-12T06:00:08.604465+00:00,ETH,2511.76,2026-09-13,0.002968,2511.83,,,,,,,0,False,expiry too near
2026-09-12T06:00:08.604465+00:00,ETH,2511.76,2026-09-14,0.005707,2512.27,,,,,,18.835,24,False,butterfly arbitrage in fit
2026-09-12T06:00:08.604465+00:00,ETH,2511.76,2026-09-15,0.008447,2512.61,,,,,,29.595,32,False,butterfly arbitrage in fit
2026-09-12T06:00:08.604465+00:00,ETH,2511.76,2026-09-18,0.016666,2513.61,-0.00777403,0.06440363,-0.245881,-0.048718,0.181206,0.292,21,True,
2026-09-12T06:00:08.604465+00:00,ETH,2511.76,2026-09-25,0.035844,2515.72,-0.01709144,0.0874613,-0.157354,-0.043688,0.292702,0.892,40,True,
2026-09-12T06:00:08.604465+00:00,ETH,2511.76,2026-10-02,0.055023,2516.76,-0.09424165,0.17585376,-0.24923,-0.150504,0.629309,0.133,16,True,
2026-09-12T06:00:08.604465+00:00,ETH,2511.76,2026-10-30,0.131735,2522.69,-0.07914472,0.17899423,-0.253351,-0.157671,0.651014,0.531,39,True,
2026-09-12T06:00:08.604465+00:00,ETH,2511.76,2026-11-27,0.208447,2529.73,,,,,,0.129,32,False,butterfly arbitrage in fit
2026-09-12T06:00:08.604465+00:00,ETH,2511.76,2026-12-25,0.28516,2536.88,-0.08560653,0.2231801,-0.317875,-0.218058,0.778061,0.558,44,True,
2026-09-12T06:00:08.604465+00:00,ETH,2511.76,2027-03-26,0.534475,2560.71,0.00220516,0.24157206,-0.461166,-0.315567,0.727528,0.164,39,True,
2026-09-12T06:00:08.604465+00:00,ETH,2511.76,2027-06-25,0.78379,2588.83,0.03819153,0.28570648,-0.519114,-0.423892,0.828195,0.131,41,True,
2026-09-13T06:00:02.557266+00:00,BTC,77295.65,2026-09-13,0.000228,77286.84,,,,,,,0,False,expiry too near
2026-09-13T06:00:02.557266+00:00,BTC,77295.65,2026-09-14,0.002968,77295.31,,,,,,,0,False,expiry too near
2026-09-13T06:00:02.557266+00:00,BTC,77295.65,2026-09-15,0.005708,77307.67,,,,,,16.587,20,False,butterfly arbitrage in fit
2026-09-13T06:00:02.557266+00:00,BTC,77295.65,2026-09-16,0.008447,77319.4,,,,,,31.408,24,False,butterfly arbitrage in fit
2026-09-13T06:00:02.557266+00:00,BTC,77295.65,2026-09-18,0.013927,77341.25,,,,,,21.784,21,False,butterfly arbitrage in fit
2026-09-13T06:00:02.557266+00:00,BTC,77295.65,2026-09-25,0.033105,77395.83,-0.0415873,0.10800336,-0.052171,-0.011906,0.422512,0.513,38,True,
2026-09-13T06:00:02.557266+00:00,BTC,77295.65,2026-10-02,0.052283,77455.4,,,,,,0.171,18,False,butterfly arbitrage in fit
2026-09-13T06:00:02.557266+00:00,BTC,77295.65,2026-10-30,0.128995,77733.09,-0.02660296,0.12548949,-0.388946,-0.142554,0.374293,0.522,53,True,
2026-09-13T06:00:02.557266+00:00,BTC,77295.65,2026-11-27,0.205708,78033.62,,,,,,0.171,45,False,butterfly arbitrage in fit
2026-09-13T06:00:02.557266+00:00,BTC,77295.65,2026-12-25,0.28242,78351.3,-0.17925977,0.27261074,-0.353839,-0.28487,0.865088,1.016,59,True,
2026-09-13T06:00:02.557266+00:00,BTC,77295.65,2027-03-26,0.531735,79273.38,-0.18961671,0.29243409,-0.255369,-0.18761,0.96193,0.108,51,True,
2026-09-13T06:00:02.557266+00:00,BTC,77295.65,2027-06-25,0.78105,80284.51,-0.48875921,0.43368969,-0.23075,-0.252907,1.462329,0.066,50,True,
2026-09-13T06:00:06.488271+00:00,ETH,2522.27,2026-09-13,0.000228,2522.5,,,,,,,0,False,expiry too near
2026-09-13T06:00:06.488271+00:00,ETH,2522.27,2026-09-14,0.002968,2522.87,,,,,,,0,False,expiry too near
2026-09-13T06:00:06.488271+00:00,ETH,2522.27,2026-09-15,0.005708,2523.33,,,,,,39.624,34,False,butterfly arbitrage in fit
2026-09-13T06:00:06.488271+00:00,ETH,2522.27,2026-09-16,0.008447,2523.75,,,,,,11.941,25,False,butterfly arbitrage in fit
2026-09-13T06:00:06.488271+00:00,ETH,2522.27,2026-09-18,0.013927,2524.57,-0.00872803,0.0668935,-0.225756,-0.053178,0.188839,0.47,21,True,
2026-09-13T06:00:06.488271+00:00,ETH,2522.27,2026-09-25,0.033105,2526.87,-0.00625469,0.07234391,-0.165416,-0.031738,0.205094,0.613,39,True,
2026-09-13T06:00:06.488271+00:00,ETH,2522.27,2026-10-02,0.052283,2528.27,-0.02210493,0.10387821,-0.171667,-0.048121,0.343816,0.114,16,True,
2026-09-13T06:00:06.488271+00:00,ETH,2522.27,2026-10-30,0.128995,2534.84,-0.02197297,0.13672487,-0.303212,-0.14068,0.426776,0.457,39,True,
2026-09-13T06:00:06.488271+00:00,ETH,2522.27,2026-11-27,0.205708,2542.1,-0.02827038,0.17459927,-0.363981,-0.201539,0.525255,0.12,32,True,
2026-09-13T06:00:06.488271+00:00,ETH,2522.27,2026-12-25,0.28242,2549.37,-0.06606914,0.21498095,-0.341227,-0.234061,0.719018,0.491,44,True,
2026-09-13T06:00:06.488271+00:00,ETH,2522.27,2027-03-26,0.531735,2573.62,-0.01479508,0.24977698,-0.45487,-0.337599,0.775817,0.111,39,True,
2026-09-13T06:00:06.488271+00:00,ETH,2522.27,2027-06-25,0.78105,2601.7,0.05462617,0.27241995,-0.531651,-0.427966,0.80055,0.168,41,True,
2026-09-14T06:00:03.465801+00:00,BTC,77592.93,2026-09-14,0.000228,77583.52,,,,,,,0,False,expiry too near
2026-09-14T06:00:03.465801+00:00,BTC,77592.93,2026-09-15,0.002968,77593.17,,,,,,,0,False,expiry too near
2026-09-14T06:00:03.465801+00:00,BTC,77592.93,2026-09-16,0.005708,77604.89,,,,,,38.833,24,False,butterfly arbitrage in fit
2026-09-14T06:00:03.465801+00:00,BTC,77592.93,2026-09-17,0.008447,77612.11,,,,,,17.1,25,False,butterfly arbitrage in fit
2026-09-14T06:00:03.465801+00:00,BTC,77592.93,2026-09-18,0.011187,77619.63,,,,,,22.634,21,False,butterfly arbitrage in fit
2026-09-14T06:00:03.465801+00:00,BTC,77592.93,2026-09-25,0.030365,77678.25,-0.02224344,0.08610873,-0.065393,-0.010789,0.30549,0.305,39,True,
2026-09-14T06:00:03.465801+00:00,BTC,77592.93,2026-10-02,0.049543,77742.9,,,,,,0.088,18,False,butterfly arbitrage in fit
2026-09-14T06:00:03.465801+00:00,BTC,77592.93,2026-10-30,0.126256,78009.33,-0.02596432,0.12132372,-0.311674,-0.096546,0.367634,0.305,53,True,
2026-09-14T06:00:03.465801+00:00,BTC,77592.93,2026-11-27,0.202968,78298.98,,,,,,0.165,45,False,butterfly arbitrage in fit
2026-09-14T06:00:03.465801+00:00,BTC,77592.93,2026-12-25,0.27968,78629.57,-0.18544177,0.2875538,-0.409491,-0.348814,0.863569,1.51,59,True,
2026-09-14T06:00:03.465801+00:00,BTC,77592.93,2027-03-26,0.528995,79530.47,-0.42096833,0.40508067,-0.323549,-0.378613,1.312156,0.162,51,True,
2026-09-14T06:00:03.465801+00:00,BTC,77592.93,2027-06-25,0.77831,80528.61,-0.71189236,0.53097035,-0.342084,-0.520228,1.682707,0.096,50,True,
2026-09-14T06:00:07.603699+00:00,ETH,2515.89,2026-09-14,0.000228,2515.82,,,,,,,0,False,expiry too near
2026-09-14T06:00:07.603699+00:00,ETH,2515.89,2026-09-15,0.002968,2516.37,,,,,,,0,False,expiry too near
2026-09-14T06:00:07.603699+00:00,ETH,2515.89,2026-09-16,0.005708,2516.83,,,,,,16.955,27,False,butterfly arbitrage in fit
2026-09-14T06:00:07.603699+00:00,ETH,2515.89,2026-09-17,0.008447,2517.56,-0.00354841,0.05294214,-0.193973,-0.043455,0.121223,0.169,28,True,
2026-09-14T06:00:07.603699+00:00,ETH,2515.89,2026-09-18,0.011187,2517.77,-0.00327238,0.05667532,-0.165777,-0.044146,0.122046,0.189,21,True,
2026-09-14T06:00:07.603699+00:00,ETH,2515.89,2026-09-25,0.030365,2520.34,-0.0122197,0.08881397,-0.169843,-0.053397,0.239827,0.913,42,True,
2026-09-14T06:00:07.603699+00:00,ETH,2515.89,2026-10-02,0.049543,2521.46,-0.11250518,0.1962503,-0.226948,-0.153597,0.659285,0.097,16,True,
2026-09-14T06:00:07.603699+00:00,ETH,2515.89,2026-10-30,0.126255,2527.67,-0.03482094,0.14668764,-0.270861,-0.137565,0.485904,0.405,39,True,
2026-09-14T06:00:07.603699+00:00,ETH,2515.89,2026-11-27,0.202968,2535.01,-0.0926766,0.22229964,-0.338794,-0.239571,0.714918,0.057,32,True,
2026-09-14T06:00:07.603699+00:00,ETH,2515.89,2026-12-25,0.27968,2542.76,-0.07720087,0.21689422,-0.313332,-0.208882,0.757712,0.557,44,True,
2026-09-14T06:00:07.603699+00:00,ETH,2515.89,2027-03-26,0.528995,2567.2,0.01332107,0.23100844,-0.452747,-0.306444,0.702001,0.143,39,True,
2026-09-14T06:00:07.603699+00:00,ETH,2515.89,2027-06-25,0.77831,2595.35,0.03770768,0.2820367,-0.497617,-0.403998,0.825992,0.155,41,True,
2026-09-15T06:00:03.181635+00:00,BTC,77612.56,2026-09-15,0.000228,77596.35,,,,,,,0,False,expiry too near
2026-09-15T06:00:03.181635+00:00,BTC,77612.56,2026-09-16,0.002968,77598.7,,,,,,,0,False,expiry too near
2026-09-15T06:00:03.181635+00:00,BTC,77612.56,2026-09-17,0.005708,77611.12,,,,,,0.459,27,False,butterfly arbitrage in fit
2026-09-15T06:00:03.181635+00:00,BTC,77612.56,2026-09-18,0.008447,77623.82,-0.0183459,0.07466477,-0.06462,-0.016128,0.266185,0.418,26,True,
2026-09-15T06:00:03.181635+00:00,BTC,77612.56,2026-09-25,0.027625,77689.24,-0.01790706,0.07999471,-0.090561,-0.018331,0.272391,0.459,38,True,
2026-09-15T06:00:03.181635+00:00,BTC,77612.56,2026-10-02,0.046804,77741.3,-0.01488229,0.07999931,-0.231618,-0.052004,0.27349,0.142,18,True,
2026-09-15T06:00:03.181635+00:00,BTC,77612.56,2026-10-30,0.123516,78007.34,-0.01969347,0.11805131,-0.428901,-0.13807,0.343088,0.417,53,True,
2026-09-15T06:00:03.181635+00:00,BTC,77612.56,2026-11-27,0.200228,78305.1,-0.12141019,0.23823919,-0.486906,-0.356958,0.725236,0.265,45,True,
2026-09-15T06:00:03.181635+00:00,BTC,77612.56,2026-12-25,0.276941,78624.84,-0.22800493,0.29558526,-0.354913,-0.304934,0.973861,1.18,59,True,
2026-09-15T06:00:03.181635+00:00,BTC,77612.56,2027-03-26,0.526256,79526.75,-0.62166967,0.46196692,-0.259532,-0.342517,1.577152,0.115,51,True,
2026-09-15T06:00:03.181635+00:00,BTC,77612.56,2027-06-25,0.775571,80526.62,-0.85693587,0.54282521,-0.250092,-0.37878,1.872503,0.056,50,True,
2026-09-15T06:00:04.595653+00:00,ETH,2496.5,2026-09-15,0.000228,2495.74,,,,,,,0,False,expiry too near
2026-09-15T06:00:04.595653+00:00,ETH,2496.5,2026-09-16,0.002968,2496.03,,,,,,,0,False,expiry too near
2026-09-15T06:00:04.595653+00:00,ETH,2496.5,2026-09-17,0.005708,2496.33,-0.00182638,0.03889133,-0.127165,-0.021661,0.098974,0.148,30,True,
2026-09-15T06:00:04.595653+00:00,ETH,2496.5,2026-09-18,0.008447,2496.72,-0.00070175,0.03627595,-0.068179,-0.01673,0.094751,0.493,27,True,
2026-09-15T06:00:04.595653+00:00,ETH,2496.5,2026-09-25,0.027625,2499.32,-0.00890171,0.07529496,-0.12332,-0.033103,0.225101,0.616,40,True,
2026-09-15T06:00:04.595653+00:00,ETH,2496.5,2026-10-02,0.046804,2500.37,-0.02314589,0.10300915,-0.120697,-0.045624,0.352025,0.079,16,True,
2026-09-15T06:00:04.595653+00:00,ETH,2496.5,2026-10-30,0.123516,2506.23,-0.07250592,0.17403627,-0.222934,-0.140429,0.626418,0.555,39,True,
2026-09-15T06:00:04.595653+00:00,ETH,2496.5,2026-11-27,0.200228,2513.87,-0.16448999,0.27171655,-0.361443,-0.323838,0.875332,0.089,32,True,
2026-09-15T06:00:04.595653+00:00,ETH,2496.5,2026-12-25,0.27694,2521.89,-0.08282154,0.21849164,-0.273844,-0.183113,0.772018,0.571,44,True,
2026-09-15T06:00:04.595653+00:00,ETH,2496.5,2027-03-26,0.526256,2545.87,-0.0354583,0.26078603,-0.427177,-0.332783,0.822672,0.168,39,True,
2026-09-15T06:00:04.595653+00:00,ETH,2496.5,2027-06-25,0.775571,2573.26,0.03548291,0.27905208,-0.486857,-0.399005,0.84056,0.117,41,True,
2026-09-19T06:00:05.197992+00:00,BTC,81024.53,2026-09-19,0.000228,81009.94,,,,,,,0,False,expiry too near
2026-09-19T06:00:05.197992+00:00,BTC,81024.53,2026-09-20,0.002968,81015.21,,,,,,,0,False,expiry too near
2026-09-19T06:00:05.197992+00:00,BTC,81024.53,2026-09-21,0.005708,81029.46,,,,,,0.311,20,False,butterfly arbitrage in fit
2026-09-19T06:00:05.197992+00:00,BTC,81024.53,2026-09-22,0.008447,81042.51,,,,,,0.284,26,False,butterfly arbitrage in fit
2026-09-19T06:00:05.197992+00:00,BTC,81024.53,2026-09-25,0.016667,81059.35,-0.00379317,0.05010829,-0.354987,-0.063659,0.114637,1.605,27,True,
2026-09-19T06:00:05.197992+00:00,BTC,81024.53,2026-10-02,0.035845,81129.0,-0.01602991,0.07999938,-0.323829,-0.105282,0.262397,0.167,20,True,
2026-09-19T06:00:05.197992+00:00,BTC,81024.53,2026-10-09,0.055023,81192.93,-0.01124317,0.07999849,-0.444027,-0.125179,0.238137,0.242,21,True,
2026-09-19T06:00:05.197992+00:00,BTC,81024.53,2026-10-30,0.112557,81447.66,-0.02060236,0.10336295,-0.318173,-0.097335,0.341097,0.365,53,True,
2026-09-19T06:00:05.197992+00:00,BTC,81024.53,2026-11-27,0.189269,81761.88,-0.09366379,0.1958932,-0.360291,-0.214704,0.645198,0.18,45,True,
2026-09-19T06:00:05.197992+00:00,BTC,81024.53,2026-12-25,0.265982,82097.01,-0.13388644,0.23164413,-0.295061,-0.184528,0.767167,0.593,59,True,
2026-09-19T06:00:05.197992+00:00,BTC,81024.53,2027-03-26,0.515297,83061.13,-0.85233679,0.52610417,-0.219688,-0.329176,1.808989,0.215,51,True,
2026-09-19T06:00:05.197992+00:00,BTC,81024.53,2027-06-25,0.764612,84079.16,-0.48536877,0.44282676,-0.287488,-0.341556,1.42743,0.088,50,True,
2026-09-19T06:00:06.769584+00:00,ETH,2628.56,2026-09-19,0.000228,2628.15,,,,,,,0,False,expiry too near
2026-09-19T06:00:06.769584+00:00,ETH,2628.56,2026-09-20,0.002968,2628.62,,,,,,,0,False,expiry too near
2026-09-19T06:00:06.769584+00:00,ETH,2628.56,2026-09-21,0.005708,2629.19,,,,,,0.156,21,False,butterfly arbitrage in fit
2026-09-19T06:00:06.769584+00:00,ETH,2628.56,2026-09-22,0.008447,2629.89,-0.00123957,0.03296776,-0.170912,-0.036184,0.077449,0.386,30,True,
2026-09-19T06:00:06.769584+00:00,ETH,2628.56,2026-09-25,0.016666,2631.73,-0.00636434,0.05947741,-0.23433,-0.066891,0.168179,0.497,29,True,
2026-09-19T06:00:06.769584+00:00,ETH,2628.56,2026-10-02,0.035845,2632.89,-0.00995079,0.07561404,-0.214307,-0.078811,0.237516,0.237,18,True,
2026-09-19T06:00:06.769584+00:00,ETH,2628.56,2026-10-09,0.055023,2634.36,-0.01136238,0.08655983,-0.269255,-0.109656,0.279708,0.135,17,True,
2026-09-19T06:00:06.769584+00:00,ETH,2628.56,2026-10-30,0.112557,2639.17,-0.01917661,0.12070135,-0.290011,-0.147785,0.395879,0.68,39,True,
2026-09-19T06:00:06.769584+00:00,ETH,2628.56,2026-11-27,0.189269,2648.4,-0.02269786,0.16415784,-0.367996,-0.216437,0.473111,0.185,32,True,
2026-09-19T06:00:06.769584+00:00,ETH,2628.56,2026-12-25,0.265982,2657.64,-0.05465311,0.19819986,-0.297479,-0.208908,0.675982,0.623,44,True,
2026-09-19T06:00:06.769584+00:00,ETH,2628.56,2027-03-26,0.515297,2683.1,-0.02024209,0.24693296,-0.381142,-0.30103,0.750794,0.289,41,True,
2026-09-19T06:00:06.769584+00:00,ETH,2628.56,2027-06-25,0.764612,2709.43,0.02499602,0.28089431,-0.461127,-0.410155,0.827432,0.13,41,True,
2026-09-20T06:00:02.249135+00:00,BTC,80465.79,2026-09-20,0.000228,80466.69,,,,,,,0,False,expiry too near
2026-09-20T06:00:02.249135+00:00,BTC,80465.79,2026-09-21,0.002968,80482.28,,,,,,,0,False,expiry too near
2026-09-20T06:00:02.249135+00:00,BTC,80465.79,2026-09-22,0.005708,80500.36,,,,,,0.905,25,False,butterfly arbitrage in fit
2026-09-20T06:00:02.249135+00:00,BTC,80465.79,2026-09-23,0.008447,80513.25,-0.00103876,0.02723113,-0.173515,-0.023335,0.068836,0.269,27,True,
2026-09-20T06:00:02.249135+00:00,BTC,80465.79,2026-09-25,0.013927,80540.06,-0.00159453,0.0357598,-0.229883,-0.033798,0.09022,0.629,26,True,
2026-09-20T06:00:02.249135+00:00,BTC,80465.79,2026-10-02,0.033105,80628.14,-0.00536427,0.0535252,-0.267035,-0.065217,0.178964,0.204,20,True,
2026-09-20T06:00:02.249135+00:00,BTC,80465.79,2026-10-09,0.052283,80694.83,-0.01022219,0.07999977,-0.468796,-0.133572,0.230633,0.227,21,True,
2026-09-20T06:00:02.249135+00:00,BTC,80465.79,2026-10-30,0.109817,80957.16,-0.0197,0.10598505,-0.439894,-0.154928,0.345175,0.311,52,True,
2026-09-20T06:00:02.249135+00:00,BTC,80465.79,2026-11-27,0.18653,81263.39,-0.08947101,0.19876752,-0.443065,-0.28564,0.640252,0.194,45,True,
2026-09-20T06:00:02.249135+00:00,BTC,80465.79,2026-12-25,0.263242,81599.8,-0.17406901,0.25600767,-0.306362,-0.226105,0.862002,0.628,59,True,
2026-09-20T06:00:02.249135+00:00,BTC,80465.79,2027-03-26,0.512557,82579.67,-0.35878731,0.35493151,-0.208863,-0.193372,1.254056,0.299,51,True,
2026-09-20T06:00:02.249135+00:00,BTC,80465.79,2027-06-25,0.761872,83583.09,-0.83540631,0.54078806,-0.272257,-0.431288,1.836754,0.102,50,True,
2026-09-20T06:00:03.788087+00:00,ETH,2576.81,2026-09-20,0.000228,2577.1,,,,,,,0,False,expiry too near
2026-09-20T06:00:03.788087+00:00,ETH,2576.81,2026-09-21,0.002968,2577.89,,,,,,,0,False,expiry too near
2026-09-20T06:00:03.788087+00:00,ETH,2576.81,2026-09-22,0.005708,2578.46,-0.00111135,0.0302607,-0.189535,-0.022073,0.071701,0.403,33,True,
2026-09-20T06:00:03.788087+00:00,ETH,2576.81,2026-09-23,0.008447,2578.96,-0.00283058,0.04102618,-0.162569,-0.028331,0.111635,0.385,29,True,
2026-09-20T06:00:03.788087+00:00,ETH,2576.81,2026-09-25,0.013927,2580.41,-0.00230155,0.04970093,-0.289662,-0.047674,0.112477,0.491,26,True,
2026-09-20T06:00:03.788087+00:00,ETH,2576.81,2026-10-02,0.033105,2581.73,-0.00240156,0.06073511,-0.260477,-0.06111,0.165994,0.272,18,True,
2026-09-20T06:00:03.788087+00:00,ETH,2576.81,2026-10-09,0.052283,2583.46,-0.00879584,0.08823772,-0.344775,-0.112414,0.248924,0.223,17,True,
2026-09-20T06:00:03.788087+00:00,ETH,2576.81,2026-10-30,0.109817,2588.19,-0.03296761,0.13760926,-0.286944,-0.146794,0.452664,0.505,39,True,
2026-09-20T06:00:03.788087+00:00,ETH,2576.81,2026-11-27,0.18653,2597.34,-0.10504846,0.22330514,-0.31311,-0.244658,0.730486,0.082,32,True,
2026-09-20T06:00:03.788087+00:00,ETH,2576.81,2026-12-25,0.263242,2606.27,-0.0800368,0.21463152,-0.273956,-0.193153,0.739016,0.836,44,True,
2026-09-20T06:00:03.788087+00:00,ETH,2576.81,2027-03-26,0.512557,2631.37,-0.03894654,0.26414177,-0.385778,-0.313492,0.783469,0.359,41,True,
2026-09-20T06:00:03.788087+00:00,ETH,2576.81,2027-06-25,0.761872,2657.06,-0.16125017,0.38727849,-0.447401,-0.542452,1.137506,0.163,41,True,
2026-09-20T12:53:59.057611+00:00,BTC,80398.62,2026-09-21,0.00218,80403.15,,,,,,,0,False,expiry too near
2026-09-20T12:53:59.057611+00:00,BTC,80398.62,2026-09-22,0.00492,80421.63,,,,,,,0,False,expiry too near
2026-09-20T12:53:59.057611+00:00,BTC,80398.62,2026-09-23,0.00766,80437.81,,,,,,0.475,27,False,butterfly arbitrage in fit
2026-09-20T12:53:59.057611+00:00,BTC,80398.62,2026-09-24,0.0104,80452.22,-0.00115792,0.02639404,-0.107391,-0.015369,0.079694,0.231,27,True,
2026-09-20T12:53:59.057611+00:00,BTC,80398.62,2026-09-25,0.013139,80465.27,-0.00106952,0.03110345,-0.221356,-0.024125,0.076314,0.542,22,True,
2026-09-20T12:53:59.057611+00:00,BTC,80398.62,2026-10-02,0.032317,80546.55,-0.01951781,0.07999998,-0.279108,-0.095796,0.2993,0.273,20,True,
2026-09-20T12:53:59.057611+00:00,BTC,80398.62,2026-10-09,0.051495,80619.17,-0.01631661,0.07999983,-0.341026,-0.104749,0.290645,0.245,21,True,
2026-09-20T12:53:59.057611+00:00,BTC,80398.62,2026-10-30,0.10903,80877.82,-0.01809277,0.10086837,-0.425388,-0.133881,0.334428,0.391,53,True,
2026-09-20T12:53:59.057611+00:00,BTC,80398.62,2026-11-27,0.185742,81191.59,-0.09713581,0.19585005,-0.428934,-0.283047,0.68565,0.285,45,True,
2026-09-20T12:53:59.057611+00:00,BTC,80398.62,2026-12-25,0.262454,81534.41,-0.22329354,0.29058045,-0.384958,-0.346577,0.965611,1.221,59,True,
2026-09-20T12:53:59.057611+00:00,BTC,80398.62,2027-03-26,0.511769,82520.07,-0.30418601,0.33126556,-0.255343,-0.236877,1.187114,0.253,51,True,
2026-09-20T12:53:59.057611+00:00,BTC,80398.62,2027-06-25,0.761085,83533.43,-0.66813088,0.48967941,-0.281706,-0.399929,1.67731,0.084,50,True,
2026-09-20T12:53:59.980844+00:00,ETH,2577.33,2026-09-21,0.00218,2578.53,,,,,,,0,False,expiry too near
2026-09-20T12:53:59.980844+00:00,ETH,2577.33,2026-09-22,0.00492,2579.04,,,,,,,0,False,expiry too near
2026-09-20T12:53:59.980844+00:00,ETH,2577.33,2026-09-23,0.00766,2579.69,-0.00186639,0.03443303,-0.29635,-0.038106,0.098009,0.153,29,True,
2026-09-20T12:53:59.980844+00:00,ETH,2577.33,2026-09-24,0.0104,2580.25,-0.00031526,0.03138099,-0.297404,-0.033659,0.076398,0.132,26,True,
2026-09-20T12:53:59.980844+00:00,ETH,2577.33,2026-09-25,0.013139,2580.97,-0.00354243,0.04827399,-0.251517,-0.040939,0.131711,0.765,26,True,
2026-09-20T12:53:59.980844+00:00,ETH,2577.33,2026-10-02,0.032317,2582.49,-0.00847894,0.07164279,-0.283423,-0.075815,0.222811,0.141,18,True,
2026-09-20T12:53:59.980844+00:00,ETH,2577.33,2026-10-09,0.051495,2584.3,-0.01373938,0.09060795,-0.371859,-0.130138,0.297434,0.188,17,True,
2026-09-20T12:53:59.980844+00:00,ETH,2577.33,2026-10-30,0.10903,2589.36,-0.04557761,0.14045811,-0.25864,-0.135472,0.526473,0.609,40,True,
2026-09-20T12:53:59.980844+00:00,ETH,2577.33,2026-11-27,0.185742,2598.85,-0.10829634,0.22009991,-0.318929,-0.241944,0.75444,0.11,32,True,
2026-09-20T12:53:59.980844+00:00,ETH,2577.33,2026-12-25,0.262454,2608.39,-0.07549875,0.20740794,-0.292074,-0.204423,0.740351,0.558,44,True,
2026-09-20T12:53:59.980844+00:00,ETH,2577.33,2027-03-26,0.511769,2633.34,-0.01733931,0.24341392,-0.368375,-0.271616,0.742285,0.281,41,True,
2026-09-20T12:53:59.980844+00:00,ETH,2577.33,2027-06-25,0.761084,2658.26,-0.02316936,0.30643028,-0.446629,-0.43437,0.932337,0.244,41,True,
2026-09-20T18:21:44.814214+00:00,BTC,81204.15,2026-09-21,0.001557,81206.62,,,,,,,0,False,expiry too near
2026-09-20T18:21:44.814214+00:00,BTC,81204.15,2026-09-22,0.004297,81221.45,,,,,,,0,False,expiry too near
2026-09-20T18:21:44.814214+00:00,BTC,81204.15,2026-09-23,0.007036,81234.46,-0.00079896,0.02752196,-0.382351,-0.033025,0.060287,0.14,26,True,
2026-09-20T18:21:44.814214+00:00,BTC,81204.15,2026-09-24,0.009776,81246.65,-0.00031329,0.02565386,-0.35498,-0.030859,0.056618,0.371,27,True,
2026-09-20T18:21:44.814214+00:00,BTC,81204.15,2026-09-25,0.012516,81266.25,-0.0006775,0.03030279,-0.351332,-0.035094,0.073541,0.646,22,True,
2026-09-20T18:21:44.814214+00:00,BTC,81204.15,2026-10-02,0.031694,81342.8,-0.01215829,0.06528736,-0.291816,-0.081452,0.253207,0.205,20,True,
2026-09-20T18:21:44.814214+00:00,BTC,81204.15,2026-10-09,0.050872,81410.02,-0.01316839,0.07999961,-0.488404,-0.142103,0.271095,0.203,21,True,
2026-09-20T18:21:44.814214+00:00,BTC,81204.15,2026-10-30,0.108406,81671.18,-0.01769617,0.10256406,-0.469695,-0.152769,0.33558,0.406,53,True,
2026-09-20T18:21:44.814214+00:00,BTC,81204.15,2026-11-27,0.185118,81988.54,-0.07461147,0.19612282,-0.530088,-0.328036,0.594456,0.24,45,True,
2026-09-20T18:21:44.814214+00:00,BTC,81204.15,2026-12-25,0.261831,82334.57,-0.19938637,0.27103691,-0.355457,-0.290938,0.927753,0.931,59,True,
2026-09-20T18:21:44.814214+00:00,BTC,81204.15,2027-03-26,0.511146,83326.57,-0.41852152,0.37951957,-0.22319,-0.229785,1.336185,0.248,51,True,
2026-09-20T18:21:44.814214+00:00,BTC,81204.15,2027-06-25,0.760461,84343.25,-0.41687949,0.40092906,-0.248502,-0.261969,1.381339,0.058,50,True,
2026-09-20T18:21:45.836156+00:00,ETH,2633.59,2026-09-21,0.001557,2633.98,,,,,,,0,False,expiry too near
2026-09-20T18:21:45.836156+00:00,ETH,2633.59,2026-09-22,0.004296,2634.57,,,,,,,0,False,expiry too near
2026-09-20T18:21:45.836156+00:00,ETH,2633.59,2026-09-23,0.007036,2635.15,-0.00234292,0.04014201,-0.182611,-0.033283,0.099118,0.155,30,True,
2026-09-20T18:21:45.836156+00:00,ETH,2633.59,2026-09-24,0.009776,2635.89,-0.00403165,0.05362957,-0.322013,-0.060304,0.12497,0.316,28,True,
2026-09-20T18:21:45.836156+00:00,ETH,2633.59,2026-09-25,0.012516,2636.58,-0.00276173,0.04864754,-0.250696,-0.050389,0.121016,0.673,28,True,
2026-09-20T18:21:45.836156+00:00,ETH,2633.59,2026-10-02,0.031694,2638.02,-0.00322451,0.06218019,-0.264098,-0.070084,0.174818,0.129,18,True,
2026-09-20T18:21:45.836156+00:00,ETH,2633.59,2026-10-09,0.050872,2639.71,-0.00471157,0.07565028,-0.319363,-0.100236,0.230255,0.121,17,True,
2026-09-20T18:21:45.836156+00:00,ETH,2633.59,2026-10-30,0.108406,2644.65,-0.03126346,0.12989969,-0.301493,-0.160587,0.465415,0.548,39,True,
2026-09-20T18:21:45.836156+00:00,ETH,2633.59,2026-11-27,0.185118,2654.47,-0.05209727,0.17901986,-0.292955,-0.183108,0.594607,0.087,32,True,
2026-09-20T18:21:45.836156+00:00,ETH,2633.59,2026-12-25,0.261831,2664.27,-0.06656604,0.20379704,-0.283999,-0.202217,0.712901,0.607,44,True,
2026-09-20T18:21:45.836156+00:00,ETH,2633.59,2027-03-26,0.511146,2689.83,-0.06041726,0.27462867,-0.37828,-0.339843,0.838246,0.341,41,True,
2026-09-20T18:21:45.836156+00:00,ETH,2633.59,2027-06-25,0.760461,2715.47,-0.09243335,0.35471859,-0.452291,-0.517827,1.031911,0.167,41,True,
